user_name,content
魔幻艺术大观,
人类幻觉体验师,//@我在有求必应屋种香菜:仇恨教育是谁带的头，仇恨情绪又是哪些人在传播，应该很容易查出来
狼小小08,//@榆四脉绵蚜:挥刀向更弱者，然后大喊我要公平，笑死了。只敢伤害没拿武器的弱者，还好意思叫什么“无敌之人”[吃瓜][吃瓜][吃瓜]
不要走进海里,
Mentirosos,//@马志海: 连法学教授都不得不做标准化的一般性表态。“同时”后边的字，才有点意义。
gahdhebf,
雾月猪子,
风高放火人绝赞爬行中,//@人类幻觉体验师://@我在有求必应屋种香菜:仇恨教育是谁带的头，仇恨情绪又是哪些人在传播，应该很容易查出来
聂诗檀,//@甜甜梅子汤://@魔幻艺术大观：根由在哪里？其实大部分人都知道。//@人类幻觉体验师://@我在有求必应屋种香菜:仇恨教育是谁带的头，仇恨情绪又是哪些人在传播，应该很容易查出来//@明天----今天----昨天:有位网友的评论： http://t.cn/A6ndHhMV
尼可-金克斯,
na110202241119,
AL_Kasumi,
One--plus-one,
赵童心,
郑小虾爱吃虾,
时间空间__,
以善为源,
玉婷姐姐202111,
甜甜梅子汤,//@魔幻艺术大观：根由在哪里？其实大部分人都知道。//@人类幻觉体验师://@我在有求必应屋种香菜:仇恨教育是谁带的头，仇恨情绪又是哪些人在传播，应该很容易查出来//@明天----今天----昨天:有位网友的评论： http://t.cn/A6ndHhMV
滚雪球蘶,//@广州城堡堡主:当然知道，都在揣着明白装糊涂不说。谁该说出来？领导、学者、知识分子、所谓的精英们，这个责任本来是你们应该做的，而不是我们这些普通人。//@魔幻艺术大观:根由在哪里？其实大部分人都知道。
胖虎乎乎,//@明天----今天----昨天:有位网友的评论： http://t.cn/A6ndHhMV
可爱的花轮同学,
李秋笙丶,
潮乡球友谁是言佳,//@马志海:连法学教授都不得不做标准化的一般性表态。“同时”后边的字，才有点意义。
用户6441373063,
豆維坦,
一鸣惊人RAT,
邹骏律师,//@法官张正伟:转发微博
孙怡大富婆,
用户7962512053,
Souvenir猫儿,//@RoroTamaccistill:官方哪可能承认这是恐袭，都是偶发事件罢了
教授老头,//@烟波江上使人愁999:事出以后严厉打击是毫无疑问的。但这对于震慑潜在的袭击者没有多大用。他们准备作案时都已抱着必死的心态。只有对所有这类案件进行解剖，消除诱发它的原因。这个工程很大！冰冻三尺非一日之寒……
缓释胶囊使用说明,
另一所大脑,//@榆四脉绵蚜:挥刀向更弱者，然后大喊我要公平，笑死了。只敢伤害没拿武器的弱者，还好意思叫什么“无敌之人”[吃瓜][吃瓜][吃瓜]
用户8631563101,
用户7952676829,@劳东燕2004
-w王小王w-,#民间艺术观察# //@燃情凤凰:回复@刷个手机还得取昵称:乱砍人的叫好汉？这才是最大的搞笑，当然是受你们这种人的教唆了，虽然他们乱砍了人但是他们是“好汉”，等他们的刀子砍到你身上的时候，你还会觉着他们是好汉吗？你把自己代入的是砍人的垃圾，而不是会被乱砍中的一员//
啵啵卡通麻薯,
Authormom130,
海之珊瑚树2,这不法学教授的日常吗，有个看了当事人描述（确实比较客观）还一本正经的认为强执不了的原因在法院。象牙塔里的教授，除了能质疑一切，很少能反省自身的局限。[吃瓜]//@胡斐大侠:你不法学教授什么都懂包治百病嘛，怎么还来问我们怎么办[费解][费解][费解]
小鸩的心,//@堂前萱草开:对恶人永远如此体谅//@李旻然2022:要让其有活下去的希望
老虫91348,
圆周率的n,
岱泅,
Acumularcoraje,
cptbtptp23333,没关系，下次让它们沙你发泄一下@李旻然2022 //@堂前萱草开:对恶人永远如此体谅//@李旻然2022:要让其有活下去的希望
重生之我爱我家,当然是马上枪毙，普京咋说的，厕所发现就把他淹死在马桶里//@堂前萱草开:对恶人永远如此体谅//@李旻然2022:要让其有活下去的希望
ZHC辰-,
爱睡觉的觉老师,
工作是扎在屁股一根刺,//@堂前萱草开:对恶人永远如此体谅//@李旻然2022:要让其有活下去的希望
用户7947716061,仇恨结恶果啊，悲哀//@鼠来宝0401:全面禁止和反对仇恨教育，才是解决问题的根本。仇恨情绪又是哪些人在传播，应该很容易查出来[doge]
马志海,
小鲤08899,
Replusentos,裁判下场踢球的时候就不要抱有他们会秉公执法的幻想了[笑哈哈]//@广州城堡堡主:当然知道，都在揣着明白装糊涂不说。谁该说出来？领导、学者、知识分子、所谓的精英们，这个责任本来是你们应该做的，而不是我们这些普通人。//@魔幻艺术大观:根由在哪里？其实大部分人都知道。
直播悬念,
三三麻能用了吗,
萌咕咕想毕业,
业余人类豆皮,//@可念L:转发微博
堂前萱草开,对恶人永远如此体谅//@李旻然2022:要让其有活下去的希望
alerbet699,//@Minervasophiel:去掉奴性是最重要的，哪怕遭遇不公也不会抽刀砍向无辜弱者。
Taolesi-,
秋知岚,一针见血//@公正法律联盟:允许合法的把人逼到绝境，不允许牛马说一个不字
Alexexexex,
起名要学问,为什么老百姓恨死却恨不起来！//@纪实微言:一，依法严惩犯罪分子；二，查找原因从源头抓起；三，将自动驾驶的避障防撞技术尽快普及。//@老沈影谈:车成了凶器，是不是要禁车[允悲][允悲]
无所为的天空,
你别问我了行吗我也不知道,
肥肥狮_,
坦荡椰子打扫卫生,//@广州城堡堡主:当然知道，都在揣着明白装糊涂不说。谁该说出来？领导、学者、知识分子、所谓的精英们，这个责任本来是你们应该做的，而不是我们这些普通人。//@魔幻艺术大观:根由在哪里？其实大部分人都知道。
一切真的皆有可能,
理性反脆弱,
Fleisharoke,
YoungHarding,
秋色照孤城,
换个亮点的灯,//@Rolandandy:我不好过我要拉一堆人陪葬，这是社会问题？往这个上面引申的，不管你是专家学者也好，还是平头百姓也好，无一例外的都不是好东西。把自己对社会，对家庭，甚至是对身边同事的不满投射到这个人身上，试图为他的极端行为找合理借口。凡是在公开场合恬不知耻的往社会问题上引导的无一例外都
烧根句滴,//@榆四脉绵蚜:挥刀向更弱者，然后大喊我要公平，笑死了。只敢伤害没拿武器的弱者，还好意思叫什么“无敌之人”[吃瓜][吃瓜][吃瓜]
八芥就爱西瓜皮,
Ahhhboom,
能逃離秩序舞動幻影到夢醒,
_落葉上要寫字,
人老看美女,//@烟波江上使人愁999:事出以后严厉打击是毫无疑问的。但这对于震慑潜在的袭击者没有多大用。他们准备作案时都已抱着必死的心态。只有对所有这类案件进行解剖，消除诱发它的原因。这个工程很大！冰冻三尺非一日之寒……
清粥酿酒有点甜,
潇之水,每个人都想社会好，但首先每个人都要勇敢的站出来，一个社会如果都是由漠视身边的不义不正事情发生的人组成，再怎么喊青天大老爷也没用//@广州城堡堡主:你到底想不想社会好？我说的和你说的是同一件事吗？[费解][费解]你这个雪崩论对我没意义，我扔个问题给你，你让索多玛十个义人之一去死然后此城的义
思亦无妨,//@魔幻艺术大观:根由在哪里？其实大部分人都知道。
可念L,
金的凤,
_白White,
易爱易,你不法学教授什么都懂包治百病嘛，怎么还来问我们怎么办//@搬砖老袁:误解误解了。让法学教授以及律师们拥有至高无上的条文治理权力，叫法治。并没有说法能自己治，你们这些群众完全是误解，尤其是没有写出条文的部分，你们不需要让渡权利给法律团体，你们自己搞定，个人自扫门前雪。。//
_昵称太难取了,
有風晴沐,
一只伤心小狗,//@霍格沃兹P法师:想起来劳老师之前的这个微博 http://t.cn/A6ndHUwk
_小羊快跑,
一朵一朵儿,
国宝12456,
吉林四平邹清海冤案,//@北京泽博王兴://@奚正仁的小屋:转发微博
Suzu_喔,
Rolandandy,
波秋小鸟,
tonightwegocrazy,//@榆四脉绵蚜:挥刀向更弱者，然后大喊我要公平，笑死了。只敢伤害没拿武器的弱者，还好意思叫什么“无敌之人”[吃瓜][吃瓜][吃瓜]
汉人移民后裔,
朱亦如,从法律和正义的视角出发，当然一切违法都不可原谅。 事情发生的瞬间，前面有太多的积蓄，这个积蓄过程，法律和正义却没有参与进来，没有把积蓄过程解决掉，那么怎么阻止最后的爆发环节呢？[吃瓜]//@Amebia:@杭苍陌
青城山下黄素贞,
nice_meow,
良朋好支,基督大爱和佛主慈悲是唯一化解怨气的通途，佛不会使人绝望，基督使人看见希望。  美国人人有枪，怎么不见对妇幼下手的？诸位看看连讲师那样式的都能打野吃的无忧无虑，无冻无寒，因为有大量慈善团体关心嘛。  //@烟波江上使人愁999:事出以后严厉打击是毫无疑问的。但这对于震慑潜在的袭击者没有多大用
田蜜蜜1029,
叶舒华爱用柯震东,回复@fantasy0025:我觉得不用啊，这种厂子存在就是给这种人一个好去处，厂唯一做错的就是把他放出来了[泪][泪][允悲]
Pearl_of_May,//@榆四脉绵蚜:挥刀向更弱者，然后大喊我要公平，笑死了。只敢伤害没拿武器的弱者，还好意思叫什么“无敌之人”[吃瓜][吃瓜][吃瓜]
胖虎乎乎,
一只潜水的露比,
yuki-fong12,接二連三？偶發變多發//@广州城堡堡主:当然知道，都在揣着明白装糊涂不说。谁该说出来？领导、学者、知识分子、所谓的精英们，这个责任本来是你们应该做的，而不是我们这些普通人。//@魔幻艺术大观:根由在哪里？其实大部分人都知道。
本川凉子,
凉满北窗-----,//@广州城堡堡主:当然知道，都在揣着明白装糊涂不说。谁该说出来？领导、学者、知识分子、所谓的精英们，这个责任本来是你们应该做的，而不是我们这些普通人。//@魔幻艺术大观:根由在哪里？其实大部分人都知道。
Lucvi--,
快乐就在这个路口见,
遐迩之春,
沙雕雕-,//@广州城堡堡主:当然知道，都在揣着明白装糊涂不说。谁该说出来？领导、学者、知识分子、所谓的精英们，这个责任本来是你们应该做的，而不是我们这些普通人。//@魔幻艺术大观:根由在哪里？其实大部分人都知道。
燃情凤凰,
岩心傲雪,
光头家伟,“此类事件也向我们提出了这样一个问题：当一个人抱着必死之心实施极端的反社会行为，刑罚的威慑对其不再有作用，此时应当采取什么样的有效措施来应对？”//@丑娃阿轩:性质确实是恐怖袭击，无论什么原因都不是针对无辜公民痛下杀手的理由，恐怖分子
徐老六贼溜,
搬砖老袁,误解误解了。让法学教授以及律师们拥有至高无上的条文治理权力，叫法治。并没有说法能自己治，你们这些群众完全是误解，尤其是没有写出条文的部分，你们不需要让渡权利给法律团体，你们自己搞定，个人自扫门前雪。。//@胡斐大侠:你不法学教授什么都懂包治百病嘛，怎么还来问我们怎么办
YHECK163,
Johngjt0429,@baiyacky：当一个濒临奔溃者面对者是一个成体系的庞然大物时，他是找不到复仇对象的，就会把目标对向身边更弱者。
是一个生气博主,
未着泥Ss,
星夜风微凉888,
涟漪4824,
奥运村民0828,//@规律作息2023:自称无敌之人，但是不敢找压榨者，只敢有心算无心偷袭无辜路人。//@榆四脉绵蚜:挥刀向更弱者，然后大喊我要公平，笑死了。只敢伤害没拿武器的弱者，还好意思叫什么“无敌之人”[吃瓜][吃瓜][吃瓜]
智慧婴儿,
燃情凤凰,你是说黑神话吗//@用户7933474472://@菜菜绪子_:我觉得不仅仅是那些他说的理由，还有心理的原因，比如受游戏或不良网络信息影响，有些游戏很暴力，网络上有也很多低俗毁三观的信息，人类走向文明，又在虚拟世界回归原始社会。该禁止的得禁止。
蚁族的奋斗199110,//@zhaijingyong88:回复@用户7637960363:茅台跑赢十年期国债是妥妥的//@用户7637960363:您还看好茅台吗？@zhaijingyong88//@zhaijingyong88:转发微博
大海-的地盘,
燃情凤凰,//@ILovecatcat:别查，查了变态的就觉得这方法有效了//@fantasy0025:往小的举一反三说，落实底层工人农民的薪酬必须执行……国庆松江同类事件一样和底层人拿不回工资有关。 这次，厂的工时多久，工资多少，是否欠薪，是否和学校毕业有挂钩，厂里学校是否有勾结，是不是应该调查公布一下
法官张正伟,
利莫里亚魔法鸭,//@榆四脉绵蚜:挥刀向更弱者，然后大喊我要公平，笑死了。只敢伤害没拿武器的弱者，还好意思叫什么“无敌之人”[吃瓜][吃瓜][吃瓜]
lns精品视频与图片,
似是故人来9307,//@榆四脉绵蚜:挥刀向更弱者，然后大喊我要公平，笑死了。只敢伤害没拿武器的弱者，还好意思叫什么“无敌之人”[吃瓜][吃瓜][吃瓜]
命理师枕星河,//@魔幻艺术大观:根由在哪里？其实大部分人都知道。
复兴中华记实杂谈,//@迟夙生律师://@廣州巡城馬1:以懶政粉飾太平者：關我撚事//@广州城堡堡主:当然知道，都在揣着明白装糊涂不说。谁该说出来？领导、学者、知识分子、所谓的精英们，这个责任本来是你们应该做的，而不是我们这些普通人。//@魔幻艺术大观:根由在哪里？其实大部分人都知道。
科学自由,
distant-place13,
-关于莉莉周的一切-,//@榆四脉绵蚜:挥刀向更弱者，然后大喊我要公平，笑死了。只敢伤害没拿武器的弱者，还好意思叫什么“无敌之人”[吃瓜][吃瓜][吃瓜]
那就有劳苏公gong女士,
入海即落入我怀,
用户7933474472,//@菜菜绪子_:我觉得不仅仅是那些他说的理由，还有心理的原因，比如受游戏或不良网络信息影响，有些游戏很暴力，网络上有也很多低俗毁三观的信息，人类走向文明，又在虚拟世界回归原始社会。该禁止的得禁止。
不穿内裤睡觉,
粉可爱j,
捞全,
咻咻咻咻咻咻咪咕,
一星如月_0630,
自动裆,//@广州城堡堡主:当然知道，都在揣着明白装糊涂不说。谁该说出来？领导、学者、知识分子、所谓的精英们，这个责任本来是你们应该做的，而不是我们这些普通人。//@魔幻艺术大观:根由在哪里？其实大部分人都知道。
常徘徊_,
江南水乡015,
猫猫侠本页,没看到日本，韩国，越南，澳大利亚，新西兰有发生这么频繁的针对陌生人的袭击事件//@股海东方不败:任何社会都可能会发生偶发性针对平民的暴力事件，但经济发达，社会宽容，人们友爱的社会会好很多。//@魔幻艺术大观:根由在哪里？其实大部分人都知道。
不会放过张桂源,
胡斐大侠,
马里欧派对,
星星花洒,//@榆四脉绵蚜:挥刀向更弱者，然后大喊我要公平，笑死了。只敢伤害没拿武器的弱者，还好意思叫什么“无敌之人”[吃瓜][吃瓜][吃瓜]
爱麦麦香芋派,//@霍格沃兹P法师:想起来劳老师之前的这个微博 http://t.cn/A6ndHUwk
慕荀说,冤有头债有主，最基本的教育原则都没有了//@小洲道茶二楼主://@vww龙眼西瓜冰://@广州城堡堡主:当然知道，都在揣着明白装糊涂不说。谁该说出来？领导、学者、知识分子、所谓的精英们，这个责任本来是你们应该做的，而不是我们这些普通人。//@魔幻艺术大观:根由在哪里？其实大部分人都知道。
Carolineuuuu,
MacMac198603,没说它不是罪犯吧？罪犯都是这德行的，你不知道？你说的是@梁山好汉”啊[允悲]所以说你们在这里都是不知所谓的对空呐喊、说愚蠢的漂亮话，狗屁用都没有🙂‍↔️//@sparkle啦啦:那也不是刀向弱者，谁欺负他就应该找谁，而不是拿跟他一样命苦的人撒气
创造希望201706,
Yolozz_a,//@霍格沃兹P法师:想起来劳老师之前的这个微博 http://t.cn/A6ndHUwk
sparkle啦啦,那也不是刀向弱者，谁欺负他就应该找谁，而不是拿跟他一样命苦的人撒气//@MacMac198603:你要不要誓死捍卫别人说话的权利？[吐]天天网上说些过期漂亮话，有意义吗？//@情绪废纸篓摆放中:“我反对一切针对平民的恐怖主义行为，无论你的命运是多么悲惨、动机是多么高尚，当你把伤害无辜的普通人作为手段时
Amebia,@杭苍陌
纪实微言,一，依法严惩犯罪分子；二，查找原因从源头抓起；三，将自动驾驶的避障防撞技术尽快普及。//@老沈影谈:车成了凶器，是不是要禁车[允悲][允悲]
用户7953588797,
彪__学习,//@zhaijingyong88:转发微博
淅沥闪光Sparkling,//@猫猫侠本页:其实更多的是默默自杀的人，8月底和9月初我们小区连续跳楼了两个，一个是得了癌症，才入职保洁的50多岁的老人，一个是13岁的小男孩
一纸盒牛奶,
传哥没醉,
是虾滑_,
冈崎秀一朗,
用户7943225000,都是为生活奔波的人，但凡能有一个兜底讲道理的地方，谁愿意同归于尽呢。。//@烟波江上使人愁999:事出以后严厉打击是毫无疑问的。但这对于震慑潜在的袭击者没有多大用。他们准备作案时都已抱着必死的心态。只有对所有这类案件进行解剖，消除诱发它的原因。这个工程很大！冰冻三尺非一日之寒……
油杂萝卜丸子,
DT24j_,
奥LI澳,//@榆四脉绵蚜:挥刀向更弱者，然后大喊我要公平，笑死了。只敢伤害没拿武器的弱者，还好意思叫什么“无敌之人”[吃瓜][吃瓜][吃瓜]
小星漫步,//@人类幻觉体验师://@我在有求必应屋种香菜:仇恨教育是谁带的头，仇恨情绪又是哪些人在传播，应该很容易查出来
烽火扬州路6,//@魔幻艺术大观:根由在哪里？其实大部分人都知道。
天野星狼,//@人类幻觉体验师://@我在有求必应屋种香菜:仇恨教育是谁带的头，仇恨情绪又是哪些人在传播，应该很容易查出来
皆为假想观众,//@霍格沃兹P法师:想起来劳老师之前的这个微博 http://t.cn/A6ndHUwk
树上骑个犭候,//@广州城堡堡主:当然知道，都在揣着明白装糊涂不说。谁该说出来？领导、学者、知识分子、所谓的精英们，这个责任本来是你们应该做的，而不是我们这些普通人。//@魔幻艺术大观:根由在哪里？其实大部分人都知道。
恋奶龙癖,//@霍格沃兹P法师:想起来劳老师之前的这个微博 http://t.cn/A6ndHUwk
学着投资,
剑影秋歌一世,
赤色黎明8658,
Cor-Universe,
大漠孤烟8989,//@Jade28_LJ://@nhnh0535:养蛊被反噬了。查一下他社交软件上都关注了哪些人，要追究教唆的责任
股海东方不败,任何社会都可能会发生偶发性针对平民的暴力事件，但经济发达，社会宽容，人们友爱的社会会好很多。//@魔幻艺术大观:根由在哪里？其实大部分人都知道。
烟波江上使人愁999,
气泡酒冰7s,
凛冬将至万物歇,//@人类幻觉体验师://@我在有求必应屋种香菜:仇恨教育是谁带的头，仇恨情绪又是哪些人在传播，应该很容易查出来
江戶川-WMAG,
独爱松华之韵0716,//@迟夙生律师://@廣州巡城馬1:以懶政粉飾太平者：關我撚事//@广州城堡堡主:当然知道，都在揣着明白装糊涂不说。谁该说出来？领导、学者、知识分子、所谓的精英们，这个责任本来是你们应该做的，而不是我们这些普通人。//@魔幻艺术大观:根由在哪里？其实大部分人都知道。
whoisSShiRley,
五右二分之一,
Gallifrey_遺,//@丑娃阿轩:性质确实是恐怖袭击，无论什么原因都不是针对无辜公民痛下杀手的理由，恐怖分子
Ng2022,家家有本難念嘅經，行行都有吞㿺嘅精英[允悲]//@广州城堡堡主:当然知道，都在揣着明白装糊涂不说。谁该说出来？领导、学者、知识分子、所谓的精英们，这个责任本来是你们应该做的，而不是我们这些普通人。//@魔幻艺术大观:根由在哪里？其实大部分人都知道。
爱在有情天yyy,//@东瓯土财主:舆论自由，可以让情绪得到释放；同时，法治落到实处。
请叫我雷锋_ei,
東山口大只講_JK,不探究根由，我只希望跟谁有仇直接蹦谁去，别残害无辜。不要“一辈子只会被国人残害，一辈子只会骂美日”也是一样道理[草泥马]//@广州城堡堡主:当然知道，都在揣着明白装糊涂不说。谁该说出来？领导、学者、知识分子、所谓的精英们，这个责任本来是你们应该做的，而不是我们这些普通人。//
爱在有情天yyy,//@迟夙生律师://@廣州巡城馬1:以懶政粉飾太平者：關我撚事//@广州城堡堡主:当然知道，都在揣着明白装糊涂不说。谁该说出来？领导、学者、知识分子、所谓的精英们，这个责任本来是你们应该做的，而不是我们这些普通人。//@魔幻艺术大观:根由在哪里？其实大部分人都知道。
崇德大君,回复@廣州巡城馬1:[二哈][二哈][二哈] http://t.cn/A6neoBa9 //@廣州巡城馬1:以懶政粉飾太平者：關我撚事//@广州城堡堡主:当然知道，都在揣着明白装糊涂不说。谁该说出来？领导、学者、知识分子、所谓的精英们，这个责任本来是你们应该做的，而不是我们这些普通人。//
Rolym,
叶生光_,//@寻我于枯鱼之肆://@LahjaA_:转发微博
崇德大君,回复@廣州巡城馬1:[哈哈][哈哈] http://t.cn/A6neoVaT //@廣州巡城馬1:以懶政粉飾太平者：關我撚事//@广州城堡堡主:当然知道，都在揣着明白装糊涂不说。谁该说出来？领导、学者、知识分子、所谓的精英们，这个责任本来是你们应该做的，而不是我们这些普通人。//@魔幻艺术大观:根由在哪里？其实大部分人
卍洳涞卍,[摊手]//@广州城堡堡主:当然知道，都在揣着明白装糊涂不说。谁该说出来？领导、学者、知识分子、所谓的精英们，这个责任本来是你们应该做的，而不是我们这些普通人。//@魔幻艺术大观:根由在哪里？其实大部分人都知道。
乐鱼188,
专注眼邪2,
下划线你好呀___,嗯。//@霍格沃兹P法师:想起来劳老师之前的这个微博 http://t.cn/A6ndHUwk
李英俊律师,
密涅瓦的猫头鹰0-0,//@人类幻觉体验师://@我在有求必应屋种香菜:仇恨教育是谁带的头，仇恨情绪又是哪些人在传播，应该很容易查出来
照长央,
-Ficciones-,//@baiyacky:当一个濒临奔溃者面对者是一个成体系的庞然大物时，他是找不到复仇对象的，就会把目标对向身边更弱者
ouyangjing212,
中国快乐乔,
马随,根子在核心分配错乱//@迟夙生律师://@廣州巡城馬1:以懶政粉飾太平者：關我撚事//@广州城堡堡主:当然知道，都在揣着明白装糊涂不说。谁该说出来？领导、学者、知识分子、所谓的精英们，这个责任本来是你们应该做的，而不是我们这些普通人。//@魔幻艺术大观:根由在哪里？其实大部分人都知道。
大虫读书娱乐,//@迟夙生律师://@廣州巡城馬1:以懶政粉飾太平者：關我撚事//@广州城堡堡主:当然知道，都在揣着明白装糊涂不说。谁该说出来？领导、学者、知识分子、所谓的精英们，这个责任本来是你们应该做的，而不是我们这些普通人。//@魔幻艺术大观:根由在哪里？其实大部分人都知道。
迟夙生律师,//@廣州巡城馬1:以懶政粉飾太平者：關我撚事//@广州城堡堡主:当然知道，都在揣着明白装糊涂不说。谁该说出来？领导、学者、知识分子、所谓的精英们，这个责任本来是你们应该做的，而不是我们这些普通人。//@魔幻艺术大观:根由在哪里？其实大部分人都知道。
林溪主人,对这类人没有办法，全世界都没辙。普通人平时只能自求多福。//@寻我于枯鱼之肆://@LahjaA_:转发微博
寻我于枯鱼之肆,//@LahjaA_:转发微博
游鱼忘水水自流,同意右边👉//@广州城堡堡主:当然知道，都在揣着明白装糊涂不说。谁该说出来？领导、学者、知识分子、所谓的精英们，这个责任本来是你们应该做的，而不是我们这些普通人。//@魔幻艺术大观:根由在哪里？其实大部分人都知道。
廣州巡城馬1,以懶政粉飾太平者：關我撚事//@广州城堡堡主:当然知道，都在揣着明白装糊涂不说。谁该说出来？领导、学者、知识分子、所谓的精英们，这个责任本来是你们应该做的，而不是我们这些普通人。//@魔幻艺术大观:根由在哪里？其实大部分人都知道。
chnly2666,
Ahhbon_Lo,//@广州城堡堡主:当然知道，都在揣着明白装糊涂不说。谁该说出来？领导、学者、知识分子、所谓的精英们，这个责任本来是你们应该做的，而不是我们这些普通人。//@魔幻艺术大观:根由在哪里？其实大部分人都知道。
cuzideserveit,
公益人黄炳权,//@坏人全部都是人渣原地爆炸:转发微博
不知先生一转,//@风吹啤酒沫://@魔幻艺术大观:根由在哪里？其实大部分人都知道。
绝地武士OB王,
风吹啤酒沫,//@魔幻艺术大观:根由在哪里？其实大部分人都知道。
铿锵98,
restless_heart_Sherine,
1984降临,//@广州城堡堡主:当然知道，都在揣着明白装糊涂不说。谁该说出来？领导、学者、知识分子、所谓的精英们，这个责任本来是你们应该做的，而不是我们这些普通人。//@魔幻艺术大观:根由在哪里？其实大部分人都知道。
澹砚,//@在边城呐喊://@情绪废纸篓摆放中:“我反对一切针对平民的恐怖主义行为，无论你的命运是多么悲惨、动机是多么高尚，当你把伤害无辜的普通人作为手段时，你就是人类的敌人、可耻的懦夫和人人可诛的罪犯。我没有兴趣听你的任何故事，不会在乎你的诉求，不可能跟你谈判并妥协，唯一要做的事就是：当场格
赛亿哈,//@榆四脉绵蚜:挥刀向更弱者，然后大喊我要公平，笑死了。只敢伤害没拿武器的弱者，还好意思叫什么“无敌之人”[吃瓜][吃瓜][吃瓜]
少年张大石,//@霍格沃兹P法师:想起来劳老师之前的这个微博 http://t.cn/A6ndHUwk
夙心织梦,
双层火腿扒麦满分-,
花木达康,
西岭茶茶,
喂我是余兰达可儿啊,
bokeqinn,//@霍格沃兹P法师:想起来劳老师之前的这个微博 http://t.cn/A6ndHUwk
Linc折腾中,
Jade28_LJ,//@nhnh0535:养蛊被反噬了。查一下他社交软件上都关注了哪些人，要追究教唆的责任
ARoamingVaccaria,
idAll-,//@宇宙中de一粒尘_:经济大潮退去后，所有的痛点都会露出水面。
看天地之间处处有爱,
我的妈妈是一座花园,
Tingle今年要发文,
雪禅居士,@劳东燕2004  作为清华大学的教授，也应该思考一下为什么近段时间极端事件频频发生吧？有没有避免的有效方式？
小洲道茶二楼主,//@vww龙眼西瓜冰://@广州城堡堡主:当然知道，都在揣着明白装糊涂不说。谁该说出来？领导、学者、知识分子、所谓的精英们，这个责任本来是你们应该做的，而不是我们这些普通人。//@魔幻艺术大观:根由在哪里？其实大部分人都知道。
夸ovo夸,//@明天----今天----昨天:有位网友的评论： http://t.cn/A6ndHhMV
次边缘地带,
当然是木刀厉害,//@广州城堡堡主 :当然知道，都在揣着明白装糊涂不说。谁该说出来？领导、学者、知识分子、所谓的精英们，这个责任本来是你们应该做的，而不是我们这些普通人。//@魔幻艺术大观 :根由在哪里？其实大部分人都知道。
vww龙眼西瓜冰,//@广州城堡堡主:当然知道，都在揣着明白装糊涂不说。谁该说出来？领导、学者、知识分子、所谓的精英们，这个责任本来是你们应该做的，而不是我们这些普通人。//@魔幻艺术大观:根由在哪里？其实大部分人都知道。
Elaine冲冲冲冲冲,
jingging007,
圆虚道长,
独角兽降落钢筋丛林,赌鬼被法院判离婚了也叫不公，乐死//@潮汕手打牛筋丸:作弊没拿到毕业证怪不公？//@楚汉浦江紫金山:不公的环境才是原因
i82NLF,//@霍格沃兹P法师:想起来劳老师之前的这个微博 http://t.cn/A6ndHUwk
古天淋明,//@KORYILI://@我在有求必应屋种香菜:仇恨教育是谁带的头，仇恨情绪又是哪些人在传播，应该很容易查出来
青鸟_201604,
广州城堡堡主,当然知道，都在揣着明白装糊涂不说。谁该说出来？领导、学者、知识分子、所谓的精英们，这个责任本来是你们应该做的，而不是我们这些普通人。//@魔幻艺术大观:根由在哪里？其实大部分人都知道。
X年年有余x,
是海星耶,
孙毅法务,
TerenceZheng,
在你来之前说了再见,
柒日redsun,
用户7903824443,//@霍格沃兹P法师:想起来劳老师之前的这个微博 http://t.cn/A6ndHUwk
Sunset_sweets,//@榆四脉绵蚜:挥刀向更弱者，然后大喊我要公平，笑死了。只敢伤害没拿武器的弱者，还好意思叫什么“无敌之人”[吃瓜][吃瓜][吃瓜]
哦不哦咯哦,
丁广叽,//@魔幻艺术大观:根由在哪里？其实大部分人都知道。
_藤井树下好乘凉_,
李爱军律师,
某日周三,//@霍格沃兹P法师:想起来劳老师之前的这个微博 http://t.cn/A6ndHUwk
铲屎官huang,
秋草的季风,//@丑娃阿轩:性质确实是恐怖袭击，无论什么原因都不是针对无辜公民痛下杀手的理由，恐怖分子
lotuszz,//@人类幻觉体验师://@我在有求必应屋种香菜:仇恨教育是谁带的头，仇恨情绪又是哪些人在传播，应该很容易查出来
做出版的老俞,
otoMeno妄想,//@魔幻艺术大观:根由在哪里？其实大部分人都知道。
丑娃阿轩,
面向大海春暖花开_28347,
Jawieee,[苦涩]这个世界 会好吗？//@霍格沃兹P法师:想起来劳老师之前的这个微博 http://t.cn/A6ndHUwk
妞妞huiguniang,//@霍格沃兹P法师:想起来劳老师之前的这个微博 http://t.cn/A6ndHUwk
魔幻艺术大观,
塞黎伏蚋,
是何富贵,
诺尔投资,
幸福闪电8888,
高原原原ing,
zhaijingyong88,回复@用户7637960363:茅台跑赢十年期国债是妥妥的//@用户7637960363:您还看好茅台吗？@zhaijingyong88//@zhaijingyong88:转发微博
我相信你也可以,
巴山夜雨rain-,
真江-,//@李旻然2022:要让其有活下去的希望
mon_wang,
努力做一个甜妹,
努力游水_MN,
在边城呐喊,//@情绪废纸篓摆放中:“我反对一切针对平民的恐怖主义行为，无论你的命运是多么悲惨、动机是多么高尚，当你把伤害无辜的普通人作为手段时，你就是人类的敌人、可耻的懦夫和人人可诛的罪犯。我没有兴趣听你的任何故事，不会在乎你的诉求，不可能跟你谈判并妥协，唯一要做的事就是：当场格杀，事后追剿，
第47条,
吾国吾民8吾父吾母,
上海滩1028,
MacMac198603,
恋恋此光阴,
寻梦斋纪事,先唤醒良知，然后判刑。//@千禾言言:转发微博
红律-专注行政诉讼,
金佛尔,
MacMac198603,回复@情绪废纸篓摆放中:你要不要誓死捍卫别人说话的权利？[吐]天天网上说些过期漂亮话，有意义吗？
我都鳕鱼球了你们让让我,//@你把我当傻瓜吗://@rum不加酒心巧克力:海量个例告诉我们宁愿双输，不愿意单赢是刻在有些人骨子里的“温良”。反正出门小心点吧，眼观六路，耳听八方，穿双合适的运动鞋，能不起冲突就不起，我以前真的什么都忍不了，现在想想算了
MacMac198603,回复@榆四脉绵蚜:你这话就是典型忽悠傻子的话术[吐]，有意义吗？你告诉我，你挥拳向泰森会造成对方伤害吗？🦑不对巴勒斯坦🇵🇸施暴，它们敢欺负大鹅吗？本来正常的事情，说的好像新发现似的[允悲]
嘎你耳朵,//@你把我当傻瓜吗://@rum不加酒心巧克力:海量个例告诉我们宁愿双输，不愿意单赢是刻在有些人骨子里的“温良”。反正出门小心点吧，眼观六路，耳听八方，穿双合适的运动鞋，能不起冲突就不起，我以前真的什么都忍不了，现在想想算了
谁是米钕,
你是我的眼1984,回复@唯有落花无俗态:这是对社会大众的保护，如果在网上的广泛传播会激发模仿犯罪，而且，大众的过度关注会和事后追责解决了问题会促使更多的脑子不够用的人通过大屠杀来获得关注解决问题。而且，这种类恐怖主义的行动会毒化社会气氛，造成大众心理的不安。你知道死者伤者的信息有什么用？除了满足你变
茶马司,近期暴力事件虽无差别针对平民，危害程度等同恐怖案件，但非以达到政治、宗教或意识形态目的为目的，不符合恐怖组织系统性、有组织、政治目的、跨国犯罪等特性。//@茶马司:不应该认定为恐怖案件，不符合恐怖主义案件的要件。
茶马司,
沱沱浪人,//@霍格沃兹P法师:想起来劳老师之前的这个微博 http://t.cn/A6ndHUwk
王洪波,
NK0407,
胡家小韦,
Hjkshhj,
用户7767795799,//@人类幻觉体验师://@我在有求必应屋种香菜:仇恨教育是谁带的头，仇恨情绪又是哪些人在传播，应该很容易查出来
麦子和面包,
人怎樣靠做夢活下去,
海德文_,
_超人蓝也忧郁,谴责而绝非叫好//@霍格沃兹P法师:想起来劳老师之前的这个微博 http://t.cn/A6ndHUwk
李勛阳,
时事可以说吗,回复@榆四脉绵蚜:你没发现这中间的逻辑链吗？//@榆四脉绵蚜:挥刀向更弱者，然后大喊我要公平，笑死了。只敢伤害没拿武器的弱者，还好意思叫什么“无敌之人”[吃瓜][吃瓜][吃瓜]
Rrotlt_,//@Babobibobi:经济环境确实影响安全。08年那几年最赚钱的时候大街上都没几个哭丧脸，现在出门被人撞了踩了的也不太敢说话，生怕成了攻破对方理智防线的最后一击[跪了]//@猫猫侠本页:在微博上听过别人讲说90年代到2000年初广西那边有个大刀党，就是拦路抢劫，逢人就砍，后来消失并不是因为严打，而是因
GhostNoHeart,//@1开着的门 ://@霍格沃兹P法师 :想起来劳老师之前的这个微博 http://t.cn/A6ndHUwk
醉眼万斗烟霞2333,//@热心市民伯先生:确实，经济发展绝对是解决社会治安问题的根本良策//@猫猫侠本页:在微博上听过别人讲说90年代到2000年初广西那边有个大刀党，就是拦路抢劫，逢人就砍，后来消失并不是因为严打，而是因为经济发展，有工厂可以打螺丝，而且打螺丝的收益比高于拦路抢劫！
拳事杂谈,
PyroLolm,
废物爻爻,
Michael-201411,回复@榆四脉绵蚜:感觉你说的比劳东燕好，切中要害。//@榆四脉绵蚜:挥刀向更弱者，然后大喊我要公平，笑死了。只敢伤害没拿武器的弱者，还好意思叫什么“无敌之人”[吃瓜][吃瓜][吃瓜]
听见鸟群筑巢的声音,
f22f47,
深圳楼市导航资产管理,
土豆削皮711,
Hoa0821,
爱好法律人,
涛涛涛爱吃干脆面,
侧链压缩,//@人类幻觉体验师://@我在有求必应屋种香菜:仇恨教育是谁带的头，仇恨情绪又是哪些人在传播，应该很容易查出来
苏明飞说法,
有常识的东哥,
快乐期货8888,
真心觉得人类都很讨厌,//@霍格沃兹P法师:想起来劳老师之前的这个微博 http://t.cn/A6ndHUwk
-存虛守靜-,目前来说也只能这样了//@儒家公羊学:结合当下的实际，恐怕是无解的问题，只能自求多福。
努力勇敢奋斗摸鱼的打工人,//@一只土曜日的水母:转发微博
老沈影谈,
1开着的门,//@霍格沃兹P法师:想起来劳老师之前的这个微博 http://t.cn/A6ndHUwk
用户7487823055,
2manman5,
静悟时光淡阅流年,
贝塔的未来要发光,
大爷铁,//@猫猫侠本页:在微博上听过别人讲说90年代到2000年初广西那边有个大刀党，就是拦路抢劫，逢人就砍，后来消失并不是因为严打，而是因为经济发展，有工厂可以打螺丝，而且打螺丝的收益比高于拦路抢劫！
除了喜欢你什么也没有,//@KORYILI://@我在有求必应屋种香菜:仇恨教育是谁带的头，仇恨情绪又是哪些人在传播，应该很容易查出来
-非负树-,
fake_cat_,//@霍格沃兹P法师:想起来劳老师之前的这个微博 http://t.cn/A6ndHUwk
守护天使-angel,
Yvonne_混邪杂食中,
青松参天傲霜雪,
Kafuuchino迦富宇血怒,//@猫猫侠本页:其实更多的是默默自杀的人，8月底和9月初我们小区连续跳楼了两个，一个是得了癌症，才入职保洁的50多岁的老人，一个是13岁的小男孩
重拾记,
泪奔的白熊,确实全是废话//@PhD_Luffy:说这些正确的废话有什么用//@榆四脉绵蚜:挥刀向更弱者，然后大喊我要公平，笑死了。只敢伤害没拿武器的弱者，还好意思叫什么“无敌之人”[吃瓜][吃瓜][吃瓜]
Pisira,
蛋定派,//@猫猫侠本页:其实更多的是默默自杀的人，8月底和9月初我们小区连续跳楼了两个，一个是得了癌症，才入职保洁的50多岁的老人，一个是13岁的小男孩
大妹沙,
华衣若英过长安,
趴在窗边看什么,
駐驢,
隐凤之龙,
泊潦滋,
绝对流量金南俊,
听见你想说,//@明天----今天----昨天:有位网友的评论： http://t.cn/A6ndHhMV
嗜睡如归,
膠東寄客,
大梦VIP,
pumpkinsluvsic,
愤怒天使在达州1,
2022-Earth007,
兔酱丝控,
哆啦A莹呀,
头发圈儿长草,
快乐学习的小布丁,
门头沟山人,//@李清川:[揣手][揣手][揣手]
丫丫我们回家,
温良爹,
妥妥美人,
易辰42712,//@崔钰判官:为何我们社会会纵容这种环境的发酵呢？因为我们被夺走了舌头。都说真理越辩越明，而我们面对事件的第一件反应就是捂嘴，让事情一错再错最终不可收拾。一次又一次纵容水源被污染，不可说越来越普遍，于是就成了现在这样，越脏的东西越如鱼得水。
走在路上的一颗艺术草,
关于封浩斗罗转生的那些事,这种人就属于典型二极管 人家提出一个概念 还没说具体就跳出来先说最极端负面的 永远只能往极端想 内心阴暗 如果像他说得那别让大家开车了 等什么时候给你创了就好玩了[笑哈哈][笑哈哈][笑哈哈]//@zql新的一年会更好:还舆论自由，等什么时候给你骂到跳楼就好玩了//@东瓯土财主:舆论自由，可以让情绪得
芳草碧连天之八,//@喝茶论道谈风月:转发微博
自行车和降落伞,
佳气生朝夕,//@霍格沃兹P法师:想起来劳老师之前的这个微博 http://t.cn/A6ndHUwk
InTeenageRiot,
路归浔,
龙年吉祥1999,
bamboo0070,
被炸了不知道多少号,//@明天----今天----昨天:有位网友的评论： http://t.cn/A6ndHhMV
JuyArU-,
RitakuArinomama,
心滅道生,
雪兔子Yukito,
问道下士,//@飞光-:美国的经济条件如何？瑞典的经济条件如何？不都发生恶性事件。 //@猫猫侠本页:在微博上听过别人讲说90年代到2000年初广西那边有个大刀党，就是拦路抢劫，逢人就砍，后来消失并不是因为严打，而是因为经济发展，有工厂可以打螺丝，而且打螺丝的收益比高于拦路抢劫！
百里千里万万亿亿,
此乃蛮夷也,[笑哈哈]说的话，建议你去监狱给罪犯们上上课//@猛乐下山:回复@博贝2016:他怎么不去工厂打个措手不及，去教育局打个措手不及，去警察局打个措手不及？看到女生宿舍一下子威武雄壮起来了想到打措手不及了//@榆四脉绵蚜:挥刀向更弱者，然后大喊我要公平，笑死了。只敢伤害没拿武器的弱者，还好意思叫什么
Shanry,
jerrain1240,//@红豆罐头--:这些杀手是被熏陶出来的。在这一切发生之前，已经有了对安倍晋三和特朗普的刺杀叫好，已经有了唐山打人案等暴力事件，已经有了网络环境的戾气日渐深重。之前的治理方式是治标不治本，把那些冒头的暴力者消灭了，但新的暴力者还是不断的从人民群众里头孵化出来。
jerrain1240,//@唯有落花无俗态:现在每次发生恶性事件，被害人家属、目击者、救援者、伤者等当事人完全没有报道，行凶过程，死伤者性别年龄大众一概不知，只有一版蓝底白字的通告代替一切，然后周而复始，大家好像都麻木了
jerrain1240,//@明天----今天----昨天:有位网友的评论： http://t.cn/A6ndHhMV
jerrain1240,//@fantasy0025:往小的举一反三说，落实底层工人农民的薪酬必须执行……国庆松江同类事件一样和底层人拿不回工资有关。 这次，厂的工时多久，工资多少，是否欠薪，是否和学校毕业有挂钩，厂里学校是否有勾结，是不是应该调查公布一下
_開椤,
魔域烈焰,//@儒家公羊学:结合当下的实际，恐怕是无解的问题，只能自求多福。
jerrain1240,
jerrain1240,
大可爱杨麻袋,
张新杰_久章智能,
东哥Thomas,暗示废死吧，不如批评教育//@剪辑手刘德华:她在暗示要搞连坐？//@臭豆腐酿鲱鱼:舜派鲧治水，鲧堵，水患未除，舜杀鲧， 舜派禹治水，禹疏，水患尽除，舜让禹。 法学教授这种思维逻辑基本等于零了。
木三九,//@向班长:似乎是唯一在微博发言的真正的知识分子了吧？
给我o_O,
用户7960228748,回复@想去吉大葛优躺:现在新闻只有单方面的报道  没有调查  没有取材//@想去吉大葛优躺:现在的不良情绪积累积累就成极端了，过去还有新闻来帮助消化一部分，现在所有的情绪消化渠道都堵了，就只能不再沉默中爆发，就在沉默中消亡了
东哥Thomas,答案很简单，歪屁股教授怎么说，我们怎么听吧[doge]//@臭豆腐酿鲱鱼:舜派鲧治水，鲧堵，水患未除，舜杀鲧， 舜派禹治水，禹疏，水患尽除，舜让禹。 法学教授这种思维逻辑基本等于零了。
张律评论,
逍遥飞花63642,//@崔钰判官:为何我们社会会纵容这种环境的发酵呢？因为我们被夺走了舌头。都说真理越辩越明，而我们面对事件的第一件反应就是捂嘴，让事情一错再错最终不可收拾。一次又一次纵容水源被污染，不可说越来越普遍，于是就成了现在这样，越脏的东西越如鱼得水。
-anomino-,
两眼一闭就是睡两眼一睁就是吃,//@榆四脉绵蚜:挥刀向更弱者，然后大喊我要公平，笑死了。只敢伤害没拿武器的弱者，还好意思叫什么“无敌之人”[吃瓜][吃瓜][吃瓜]
刘骜,
赵小小小斑马,//@榆四脉绵蚜:挥刀向更弱者，然后大喊我要公平，笑死了。只敢伤害没拿武器的弱者，还好意思叫什么“无敌之人”[吃瓜][吃瓜][吃瓜]
赵小小小斑马,//@霍格沃兹P法师:想起来劳老师之前的这个微博 http://t.cn/A6ndHUwk
蓝zi的微博,//@桂义律师://@东瓯土财主:舆论自由，可以让情绪得到释放；同时，法治落到实处。
青青子衿颖,
行至远心至静,//@向班长:似乎是唯一在微博发言的真正的知识分子了吧？
杰出香菜爱好者,
独欢大理,//@霍格沃兹P法师:抵制任何情况下的暴力与仇恨教育//@霍格沃兹P法师:想起来劳老师之前的这个微博 http://t.cn/A6ndHUwk
芝士课代表,//@猫猫侠本页:在微博上听过别人讲说90年代到2000年初广西那边有个大刀党，就是拦路抢劫，逢人就砍，后来消失并不是因为严打，而是因为经济发展，有工厂可以打螺丝，而且打螺丝的收益比高于拦路抢劫！
一颗土豆星星,
吉林四平邹清海冤案,//@北京泽博王兴://@奚正仁的小屋:转发微博
请小看我l,
共同富裕委婉电波在数星星,//@榆四脉绵蚜:挥刀向更弱者，然后大喊我要公平，笑死了。只敢伤害没拿武器的弱者，还好意思叫什么“无敌之人”[吃瓜][吃瓜][吃瓜]
用户7859991886,抵制暴力行为难道不对吗？不论是何种形式，针对任何群体或个人的暴力行为都是应当受到谴责。一个人如果在道德、伦理、法律上有污点，自然有对应审判机制，但这也不是随便施以暴力的理由。//@霍格沃兹P法师:想起来劳老师之前的这个微博 http://t.cn/A6ndHUwk
雪烧枯山,//@比格型阿狼美美读书2024://@霍格沃兹P法师:想起来劳老师之前的这个微博 http://t.cn/A6ndHUwk
子虚国的玫瑰,
白日梦患者tt,
社交牛马人,//@猫猫侠本页:在微博上听过别人讲说90年代到2000年初广西那边有个大刀党，就是拦路抢劫，逢人就砍，后来消失并不是因为严打，而是因为经济发展，有工厂可以打螺丝，而且打螺丝的收益比高于拦路抢劫！
竹深村路远,
版纳-钟国,
炭翁论剑,
版纳-钟国,
比格型阿狼美美读书2024,//@霍格沃兹P法师:想起来劳老师之前的这个微博 http://t.cn/A6ndHUwk
版纳-钟国,
王阿姨AuntieWang,
居茶a,//@杨柳风艺文空间:让人畏惧死的同时，也要让人热爱活。热爱活其实也是一种敬畏。两者放在一起其实就是生命教育。而生命教育一直是我们社会环境所欠缺的（也是仅仅靠教育系统难以完成的）。虽然很少明说，但是我们从小都默认这么一种生存生活方式：生命、生活的意义来自于你所能达成的目标，它们本身只
mazhdncg,
东昌府摆渡人,
紧急出逃地球,
用户7556175269,
战斗佛系少女鹿小李,//@情绪废纸篓摆放中:“我反对一切针对平民的恐怖主义行为，无论你的命运是多么悲惨、动机是多么高尚，当你把伤害无辜的普通人作为手段时，你就是人类的敌人、可耻的懦夫和人人可诛的罪犯。我没有兴趣听你的任何故事，不会在乎你的诉求，不可能跟你谈判并妥协，唯一要做的事就是：当场格杀，事后追剿，
寓诸无竟05,
冉悦笙,//@榆四脉绵蚜:挥刀向更弱者，然后大喊我要公平，笑死了。只敢伤害没拿武器的弱者，还好意思叫什么“无敌之人”[吃瓜][吃瓜][吃瓜]
777777777q_69390,
青海湖西岸,🤓//@臭豆腐酿鲱鱼:舜派鲧治水，鲧堵，水患未除，舜杀鲧， 舜派禹治水，禹疏，水患尽除，舜让禹。 法学教授这种思维逻辑基本等于零了。
屺南葬,//@KORYILI://@我在有求必应屋种香菜:仇恨教育是谁带的头，仇恨情绪又是哪些人在传播，应该很容易查出来
Rita的番薯红了,
Irismoa-,//@明天----今天----昨天:有位网友的评论： http://t.cn/A6ndHhMV
不吃香菜的绿林好汉,
米球呐,//@霍格沃兹P法师:想起来劳老师之前的这个微博 http://t.cn/A6ndHUwk
猫罐头与六便士13,
岭湖葱,
Pickle_abi,//@东瓯土财主:舆论自由，可以让情绪得到释放；同时，法治落到实处。
是祖拉呀,//@人类幻觉体验师://@我在有求必应屋种香菜:仇恨教育是谁带的头，仇恨情绪又是哪些人在传播，应该很容易查出来
龙14243,真的罕见罢了//@向班长:似乎是唯一在微博发言的真正的知识分子了吧？
评论YouTube,多一些宽容，少一些压榨，剥削，总是好的//@重生之行路迢迢:改变社会环境才是根本之策
用户7911756226,
鱼村小番茄,
南山杰伦,
喂停疡,
人走茶凉7938,
知因果鸭,
九号飞行员,//@一杯奶绿五分甜:我爸工地都几个月没发工资了//@fantasy0025:往小的举一反三说，落实底层工人农民的薪酬必须执行……国庆松江同类事件一样和底层人拿不回工资有关。 这次，厂的工时多久，工资多少，是否欠薪，是否和学校毕业有挂钩，厂里学校是否有勾结，是不是应该调查公布一下
小宝和旺仔的快乐生活,
DouBle不是逗逼,
量化-违反证券法操纵股价了吗,
弗届_,//@Rrrrray_orz:是这样的，这些人固然可恨，但是不搞清这类事情的根因，就无法从根本解决问题//@明天----今天----昨天:有位网友的评论： http://t.cn/A6ndHhMV
查猹渣tbkkkk,//@KORYILI://@我在有求必应屋种香菜:仇恨教育是谁带的头，仇恨情绪又是哪些人在传播，应该很容易查出来
大帝198201,
请称呼我螺丝小姐,//@霍格沃兹P法师:想起来劳老师之前的这个微博 http://t.cn/A6ndHUwk
徐州第一腕豪,回复@奥格驻暴风办科员:也就是说，晚上九点之后全都是高价值目标不会伤及无辜了[舔屏]？//@奥格驻暴风办科员:翻译：以后国男出门全部都戴上电子镣铐，每天晚上9点前必须回家，没回去的全部按强奸犯处死。以后9点以后在街上出现的只能有洋男和国女！[怒][胖红生气][胖红生气][胖红生气]
徐州第一腕豪,我就喜欢原博这种给我们批量生产无敌之人的法师[舔屏]//@臭豆腐酿鲱鱼:舜派鲧治水，鲧堵，水患未除，舜杀鲧， 舜派禹治水，禹疏，水患尽除，舜让禹。 法学教授这种思维逻辑基本等于零了。
新间联插,当一个人抱着必死之心实施极端的反社会行为，刑罚的威慑对其不再有作用，此时应当采取什么样的有效措施来应对？//@渡可渡的人:转发微博
我向企图救世者许愿,第三次//@我向企图救世者许愿:威逼女的 进入受害受孩拖累模式 来抢占 有过二次了//@我向企图救世者许愿:他们都知 他们不用 就是想留着他们//@我向企图救世者许愿:因为都杀了//@猫猫侠本页:在微博上听过别人讲说90年代到2000年初广西那边有个大刀党，就是拦路抢劫，逢人就砍，后来消失并不是因为严打，
我向企图救世者许愿,威逼女的 进入受害受孩拖累模式 来抢占 有过二次了//@我向企图救世者许愿:他们都知 他们不用 就是想留着他们//@我向企图救世者许愿:因为都杀了//@猫猫侠本页:在微博上听过别人讲说90年代到2000年初广西那边有个大刀党，就是拦路抢劫，逢人就砍，后来消失并不是因为严打，而是因为经济发展，有工厂可以
我向企图救世者许愿,他们都知 他们不用 就是想留着他们//@我向企图救世者许愿:因为都杀了//@猫猫侠本页:在微博上听过别人讲说90年代到2000年初广西那边有个大刀党，就是拦路抢劫，逢人就砍，后来消失并不是因为严打，而是因为经济发展，有工厂可以打螺丝，而且打螺丝的收益比高于拦路抢劫！
我向企图救世者许愿,因为都杀了//@猫猫侠本页:在微博上听过别人讲说90年代到2000年初广西那边有个大刀党，就是拦路抢劫，逢人就砍，后来消失并不是因为严打，而是因为经济发展，有工厂可以打螺丝，而且打螺丝的收益比高于拦路抢劫！
第五星空,
苇潇潇,人们有盼头自然会减少//@短线72变:还真没什么好办法
风敲石榴,
子羽的言语,
泽汇2022,
木狐灯花,
zmwkshw,
托马斯小金,
LJ好好爱自己,
笑千秋V,
弓长张文斌,三皇五帝期的人都知道怎么办，大学教授不知道//@臭豆腐酿鲱鱼:舜派鲧治水，鲧堵，水患未除，舜杀鲧， 舜派禹治水，禹疏，水患尽除，舜让禹。 法学教授这种思维逻辑基本等于零了。
臭豆腐酿鲱鱼,
浑身筋骨肉,
格思Nicole,
女巫的扫把送修中,//@奶老板:转发微博
短线72变,
Aa澳洲Link,
Tomography007,
岁月向前向前,
飞翔的小胖孩,
Julyerist,
777777777q_69390,
边缘飘泊,
躺着吸狐的老鱼干,
慎思之笃行之_,
我是你die迪,
听声音202104,
水木之痕,
有钱了就改名字peace,
草莓一朵朵ING,//@榆四脉绵蚜:挥刀向更弱者，然后大喊我要公平，笑死了。只敢伤害没拿武器的弱者，还好意思叫什么“无敌之人”[吃瓜][吃瓜][吃瓜]
咖啡加奶更好喝,经济下行，会带来很多问题//@猫猫侠本页:在微博上听过别人讲说90年代到2000年初广西那边有个大刀党，就是拦路抢劫，逢人就砍，后来消失并不是因为严打，而是因为经济发展，有工厂可以打螺丝，而且打螺丝的收益比高于拦路抢劫！
东文远007,
小僧是个浪人,
高达厉害,//@如水青云:更要思考为什么走到这一步，如何改善民生民权，如何发展经济与法治，让社会更公平，建立社会保障体系，让每个人有更多的救助渠道，给人希望，尽量不让人绝望而崩溃，不要打压言论自由，当缺乏救助渠道连发声都不行时，更容易爆炸…
必胜号角,//@向班长:似乎是唯一在微博发言的真正的知识分子了吧？
美哉8760,
阳光雨露和玫瑰,//@城市的农人:矛盾的根本原因，司法的不公平，不公正，最终必定会导致所有人会不惜代价报仇。
阳光雨露和玫瑰,//@猫猫侠本页:在微博上听过别人讲说90年代到2000年初广西那边有个大刀党，就是拦路抢劫，逢人就砍，后来消失并不是因为严打，而是因为经济发展，有工厂可以打螺丝，而且打螺丝的收益比高于拦路抢劫！
忘言得意,//@明天----今天----昨天:有位网友的评论： http://t.cn/A6ndHhMV
斗笠弯刀,最后那几句话真的搞笑。居然用这个逻辑来杀人。真的有被黑到。//@風林火山非傳說://@我在有求必应屋种香菜:仇恨教育是谁带的头，仇恨情绪又是哪些人在传播，应该很容易查出来
應門將將03,
期待环游世界的默默,唉//@猫猫侠本页: 其实更多的是默默自杀的人，8月底和9月初我们小区连续跳楼了两个，一个是得了癌症，才入职保洁的50多岁的老人，一个是13岁的小男孩
期待环游世界的默默,公平公正的环境，有利于经济，也能最大限度减少恶性事件。。。。。//@Rrrrray_orz: 是这样的，这些人固然可恨，但是不搞清这类事情的根因，就无法从根本解决问题 //@明天----今天----昨天: 有位网友的评论： http://t.cn/A6ndHhMV
Crypto狂禪,
鱼米三千块,
米斯特雷锦德Y22,
用户7559486010,
专门看厨子,
袜后跟,//@规律作息2023:自称无敌之人，但是不敢找压榨者，只敢有心算无心偷袭无辜路人。//@榆四脉绵蚜:挥刀向更弱者，然后大喊我要公平，笑死了。只敢伤害没拿武器的弱者，还好意思叫什么“无敌之人”[吃瓜][吃瓜][吃瓜]
袜后跟,//@榆四脉绵蚜:挥刀向更弱者，然后大喊我要公平，笑死了。只敢伤害没拿武器的弱者，还好意思叫什么“无敌之人”[吃瓜][吃瓜][吃瓜]
东星时空2020,
用户7160083771,
Penziqiang,搞好经济民生，让绝大多数人安居乐业，会全面提升民众生活质量，让人绝望的土壤会少一些，就能减少极端事件发生概率。//@zhaijingyong88:转发微博
一千缘起,
用户7863461180,
喝茶论道谈风月,
冬喵的口罩,
裸眼看天下,
请叫我赛门猪,
桂义Iawyer,//@桂义律师://@东瓯土财主:舆论自由，可以让情绪得到释放；同时，法治落到实处。
咖啡加奶更好喝,
鱼肠剑逍遥心,
老罗碎碎念,回复@明天----今天----昨天:当一个人还有如此全面的理性算计的时候，他去杀人的可能性极小。可能大部分人都有过怒火中烧的时候想弄死对方的念头吧？但理性会阻止自己去落实这种想法。失去理性，才会杀人。对一个失去理性的人，还能指望他什么呢？就算残余有丁点算计能力，也用在了如何成功杀人上。
捕蝇草XD,
laozheng159,
木盒饭,//@唯有落花无俗态:现在每次发生恶性事件，被害人家属、目击者、救援者、伤者等当事人完全没有报道，行凶过程，死伤者性别年龄大众一概不知，只有一版蓝底白字的通告代替一切，然后周而复始，大家好像都麻木了
五十六之一,
Xxmidnights,
蔚蔚辽辽,//@唯有落花无俗态 :现在每次发生恶性事件，被害人家属、目击者、救援者、伤者等当事人完全没有报道，行凶过程，死伤者性别年龄大众一概不知，只有一版蓝底白字的通告代替一切，然后周而复始，大家好像都麻木了
打铁小榔头04,
用户7835427416,
故园浙里,回复@用户5712558866:是是是，男子吧岳母气死再离婚把岳父母留下的三套房子分走一半，请问这个老婆是不是有理由去刀人，比如，你？//@用户5712558866:回复@小流氓猫:真无耻，得了便宜还卖乖的女人说男人占便宜!颠倒黑白倒打一耙连人性都不要了!咋这么不要脸呢？
Fearless_羽,
lionuit,
我係蘇西啊,
编辑俊杰,
FrankZhuSh,
叶安逸,//@霍格沃兹P法师:想起来劳老师之前的这个微博 http://t.cn/A6ndHUwk
东山漫谈,//@明天----今天----昨天:有位网友的评论： http://t.cn/A6ndHhMV
节奏刀,//@明天----今天----昨天:有位网友的评论： http://t.cn/A6ndHhMV
用户1922161700,//@zhaijingyong88:转发微博
谈判专家潘黎,
秋之生命1234,
赤羽信之介,//@奶老板:转发微博
C_K_Serve,
小叙咩咩,
HappySteven168,//@zhaijingyong88:转发微博
清水荷露,
烧了开的白水河,//@霍格沃兹P法师:想起来劳老师之前的这个微博 http://t.cn/A6ndHUwk
zhaijingyong88,
原来_是鱼,
画画的何奇锦-hqj,
_5uull_,
明月201927,
北极新船,
苏一一州,
安徽保姆,
摩托1991,
原味豆浆7563,
桂义律师,//@东瓯土财主:舆论自由，可以让情绪得到释放；同时，法治落到实处。
紫藤鹦鹉_257,
椰子獭,
我就是最棒的roVing培养皿ya,
追随我心1802,
用户7564157449,
梦中王子99,
Yixuan_zhao,
普罗一员,
栽松邀风2023,
雪牙金爪_爪姐,
Sterilised,
jfmjzl,//@向班长:似乎是唯一在微博发言的真正的知识分子了吧？
用户6029157015,
Breeze留,
Tom快乐,
阿远的喵,
Celestial_Ye,
谢谢你已难逃一吸,
Croissaku,
了不起的呵呵哒,回复@猫猫侠本页:这不一样。这是为了生存，那是不想活也不让别人活。//@猫猫侠本页:在微博上听过别人讲说90年代到2000年初广西那边有个大刀党，就是拦路抢劫，逢人就砍，后来消失并不是因为严打，而是因为经济发展，有工厂可以打螺丝，而且打螺丝的收益比高于拦路抢劫！
了不起的呵呵哒,//@霍格沃兹P法师:想起来劳老师之前的这个微博 http://t.cn/A6ndHUwk
CiCi小S,
胖头鱼35615,
涡阳追光者,
港式冻柠茶ye,//@明天----今天----昨天:有位网友的评论： http://t.cn/A6ndHhMV
_vorexweins,//@榆四脉绵蚜: 挥刀向更弱者，然后大喊我要公平，笑死了。只敢伤害没拿武器的弱者，还好意思叫什么“无敌之人”[吃瓜][吃瓜][吃瓜]
啊佳佳佳佳佳佳佳佳,
Poseidons_cascade,
墨_KTD,
和弦语言-李晓虹,
不是很爱大几把,
刷个手机还得取昵称,//@zengyiexc3:确实这样敏感事件没人敢去做深入报道，记者这个行业已经名存实亡，事件的真实情况深层原因也不得而知。//@唯有落花无俗态:现在每次发生恶性事件，被害人家属、目击者、救援者、伤者等当事人完全没有报道，行凶过程，死伤者性别年龄大众一概不知，只有一版蓝底白字的通告代替一切，然后周
老抽生疼了,
老老师哈,
今日有禧,
向惠Sakura-,
刷个手机还得取昵称,回复@云何_思齐:断章取义前面不看是吧，一个崩溃了疯了求死的人眼里，整个世界都毫无意义，别人的命不如草芥一文不值，说白了就是看你好杀顺手宰了，他只想在走之前多破坏一点这个他恨透了的世界。
刷个手机还得取昵称,//@明天----今天----昨天:有位网友的评论： http://t.cn/A6ndHhMV
howingjan_,
Y9Y-_-,
会不机有886,
倔强不屈的如来荷2018,
孙悟空到底有几个女妖女朋友,
巧克栗子柿饼,//@Sheeran:现在舆论虽然有限制，但我已经感觉到情绪暴力在释放了。网暴逐渐变得稀疏平常。上网总是能围观到互相谩骂与嘲讽。//@东瓯土财主:舆论自由，可以让情绪得到释放；同时，法治落到实处。
Zheng12_,//@仰慕上塘路:仇恨教育必会得到反噬
圣诞夜后blue_moon,//@zengyiexc3:回复@唯有落花无俗态:确实这样敏感事件没人敢去做深入报道，记者这个行业已经名存实亡，事件的真实情况深层原因也不得而知。
theL-,//@游神采风:这是社会问题，不是法律改善可以解决的
Avenir_radieux00,
淡颜收藏家,
大沢花卷_,
表参道潮人,
Rocky_Science,
栗子cell,
molita_mo,//@人类幻觉体验师://@我在有求必应屋种香菜:仇恨教育是谁带的头，仇恨情绪又是哪些人在传播，应该很容易查出来
小古今天不在家,//@霍格沃兹P法师:想起来劳老师之前的这个微博 http://t.cn/A6ndHUwk
鸽羣,
追风少年Ribery,//@霍格沃兹P法师:想起来劳老师之前的这个微博 http://t.cn/A6ndHUwk
笑瞰人生天字号,
小葱白菜987,//@水润小皮颜://@仰慕上塘路:仇恨教育必会得到反噬
zengyiexc3,回复@唯有落花无俗态:确实这样敏感事件没人敢去做深入报道，记者这个行业已经名存实亡，事件的真实情况深层原因也不得而知。
Esutasyyyy,//@红豆罐头--:这些杀手是被熏陶出来的。在这一切发生之前，已经有了对安倍晋三和特朗普的刺杀叫好，已经有了唐山打人案等暴力事件，已经有了网络环境的戾气日渐深重。之前的治理方式是治标不治本，把那些冒头的暴力者消灭了，但新的暴力者还是不断的从人民群众里头孵化出来。
水润小皮颜,//@仰慕上塘路:仇恨教育必会得到反噬
橙子味的石榴12,回复@明天----今天----昨天:可得了吧，去幼儿园小学砍人的多了去了，这辈子没听说过去警局砍人的，一帮欺软怕硬的废物就知道恃强凌弱[汗]//@明天----今天----昨天:有位网友的评论： http://t.cn/A6ndHhMV
儒家公羊学,
暮光歌姬阿卡丽,//@仰慕上塘路:仇恨教育必会得到反噬
觉不够睡鸭,
aiUuu24,
续哥解读,
Disco_Sekiro,//@霍格沃兹P法师:那天的头版新闻:安倍晋三被暗杀 //@霍格沃兹P法师:想起来劳老师之前的这个微博 http://t.cn/A6ndHUwk
加密冰糖橙,
我只是不想理人空间,//@你把我当傻瓜吗://@rum不加酒心巧克力:海量个例告诉我们宁愿双输，不愿意单赢是刻在有些人骨子里的“温良”。反正出门小心点吧，眼观六路，耳听八方，穿双合适的运动鞋，能不起冲突就不起，我以前真的什么都忍不了，现在想想算了
神奇_Lemon,
ini_in,
688FA_,
远方的远方SU,
梁打滚,
李儿北,//@Sheeran:现在舆论虽然有限制，但我已经感觉到情绪暴力在释放了。网暴逐渐变得稀疏平常。上网总是能围观到互相谩骂与嘲讽。//@东瓯土财主:舆论自由，可以让情绪得到释放；同时，法治落到实处。
MiyukiG,//@霍格沃兹P法师:想起来劳老师之前的这个微博 http://t.cn/A6ndHUwk
游神采风,
OctopusA_2023,
苔蚀岁远,
北大法律人29037,//@仰慕上塘路:仇恨教育必会得到反噬
白昼梦游指南069,//@霍格沃兹P法师:想起来劳老师之前的这个微博 http://t.cn/A6ndHUwk
lunyuxiantan,//@如水青云:更要思考为什么走到这一步，如何改善民生民权，如何发展经济与法治，让社会更公平，建立社会保障体系，让每个人有更多的救助渠道，给人希望，尽量不让人绝望而崩溃，不要打压言论自由，当缺乏救助渠道连发声都不行时，更容易爆炸…
刀峰意志rkw,//@红豆罐头--:这些杀手是被熏陶出来的。在这一切发生之前，已经有了对安倍晋三和特朗普的刺杀叫好，已经有了唐山打人案等暴力事件，已经有了网络环境的戾气日渐深重。之前的治理方式是治标不治本，把那些冒头的暴力者消灭了，但新的暴力者还是不断的从人民群众里头孵化出来。
Macroer,
偶哩打摆子,
北冥有鱼cs,
用户5937299920,
九龍公園泳池貴婦,//@霍格沃兹P法师:想起来劳老师之前的这个微博 http://t.cn/A6ndHUwk
顷刻间电闪雷鸣,//@霍格沃兹P法师:想起来劳老师之前的这个微博 http://t.cn/A6ndHUwk
稳态生产者,
幻想世界无法连接,
一只土曜日的水母,
乐鱼188,
雾都十九,
通论比龙国,
沃夫昂,
2ya咿呀哇,
尼斯湖水怪想吃摇摇薯条,
不知道不清楚说得好,//@彩蔷薇_ :转发微博
用户7489182089,
在山观止,
电影院楼板,//@人类幻觉体验师 ://@我在有求必应屋种香菜 :仇恨教育是谁带的头，仇恨情绪又是哪些人在传播，应该很容易查出来
NeverRarelySometimesAlways2024,
算薯片,
不水不舒服斯基,
野花微香_,
徜徉海岸,
plzstopAttheTitle,//@规律作息2023:自称无敌之人，但是不敢找压榨者，只敢有心算无心偷袭无辜路人。//@榆四脉绵蚜:挥刀向更弱者，然后大喊我要公平，笑死了。只敢伤害没拿武器的弱者，还好意思叫什么“无敌之人”[吃瓜][吃瓜][吃瓜]
凶醒帘画,
上去给你个大巴掌,
我想要的也不多啊,
阕北望,
用户7745265731,
南浔_今天的我也有好好吃饭,
史记本,
Terminalil,//@仰慕上塘路: 仇恨教育必会得到反噬
愁容起司,//@霍格沃兹P法师:想起来劳老师之前的这个微博 http://t.cn/A6ndHUwk
你想来瓶汽水吗,
兰波的歌,
amberc7,
ZYGLHDR,
我不是格鲁啊,
殉道象限,我绝对赞成//@霍格沃兹P法师:那天的头版新闻:安倍晋三被暗杀//@霍格沃兹P法师:想起来劳老师之前的这个微博 http://t.cn/A6ndHUwk
Jeffgaoyang,//@楚汉浦江紫金山: 不公的环境才是原因
zyknj,
-和情焦糖-,
坏人全部都是人渣原地爆炸,
椰椰拿铁味的小雨点,//@北大法律人2002://@仰慕上塘路:仇恨教育必会得到反噬
用户7745677429,
全中有一,
用户5817871678,//@向班长:似乎是唯一在微博发言的真正的知识分子了吧？
微波炉里冻薄巧,//@霍格沃兹P法师:想起来劳老师之前的这个微博 http://t.cn/A6ndHUwk
鹤舞岸汀,
大运木器加工厂,
-Kuddelmuddel-,//@情绪废纸篓摆放中:“我反对一切针对平民的恐怖主义行为，无论你的命运是多么悲惨、动机是多么高尚，当你把伤害无辜的普通人作为手段时，你就是人类的敌人、可耻的懦夫和人人可诛的罪犯。我没有兴趣听你的任何故事，不会在乎你的诉求，不可能跟你谈判并妥协，唯一要做的事就是：当场格杀，事后追剿，
土豆熊猫浓汤,//@东瓯土财主:舆论自由，可以让情绪得到释放；同时，法治落到实处。
树与可乐,//@榆四脉绵蚜:挥刀向更弱者，然后大喊我要公平，笑死了。只敢伤害没拿武器的弱者，还好意思叫什么“无敌之人”[吃瓜][吃瓜][吃瓜]
-中微子,//@情绪废纸篓摆放中:“我反对一切针对平民的恐怖主义行为，无论你的命运是多么悲惨、动机是多么高尚，当你把伤害无辜的普通人作为手段时，你就是人类的敌人、可耻的懦夫和人人可诛的罪犯。我没有兴趣听你的任何故事，不会在乎你的诉求，不可能跟你谈判并妥协，唯一要做的事就是：当场格杀，事后追剿，
速溶傻瓜,//@rum不加酒心巧克力:海量个例告诉我们宁愿双输，不愿意单赢是刻在有些人骨子里的“温良”。反正出门小心点吧，眼观六路，耳听八方，穿双合适的运动鞋，能不起冲突就不起，我以前真的什么都忍不了，现在想想算了
rerorerocandy,//@霍格沃兹P法师:想起来劳老师之前的这个微博 http://t.cn/A6ndHUwk
悟言壹,
酸涩文女主,
上海老W知识分享,
腐坏窗口,//@KORYILI://@我在有求必应屋种香菜:仇恨教育是谁带的头，仇恨情绪又是哪些人在传播，应该很容易查出来
101朵荷花,
云淡风轻风信子,
浮云弱梦,//@向班长:似乎是唯一在微博发言的真正的知识分子了吧？
660球球,
Little派,
用户5693408458,//@Babobibobi:经济环境确实影响安全。08年那几年最赚钱的时候大街上都没几个哭丧脸，现在出门被人撞了踩了的也不太敢说话，生怕成了攻破对方理智防线的最后一击[跪了]//@猫猫侠本页:在微博上听过别人讲说90年代到2000年初广西那边有个大刀党，就是拦路抢劫，逢人就砍，后来消失并不是因为严打，而是因
_carotene_,
花名叫小雨,
麵包烘底百分百,//@霍格沃兹P法师:想起来劳老师之前的这个微博 http://t.cn/A6ndHUwk
rum不加酒心巧克力,
SuperCattieStar,
happyrichyaya,
Holiday春夏,
用户7960000551,回复@用户7729768982:之前那几个精准的。不是反而被封了个反手，封了个烈士。当时看的我有点想笑//@用户7729768982:回复@城市的农人:提醒一下，报仇的意思是冤有头，债有主，报复伤害它的人，而无差别攻击弱者的人没资格说自己是为公平报仇，不过是欺软怕硬，同样不懂公平的破坏分子罢了
暴躁的秀珍,
椰普拉斯,
罗拉的火车,
許願池的美洲浣熊,//@霍格沃兹P法师:想起来劳老师之前的这个微博 http://t.cn/A6ndHUwk
Gongzcxxw,
卡列宁超级豹,
Magicelevator,
李清川,
崇艺文华,
漆木顺顺东,//@情绪废纸篓摆放中:“我反对一切针对平民的恐怖主义行为，无论你的命运是多么悲惨、动机是多么高尚，当你把伤害无辜的普通人作为手段时，你就是人类的敌人、可耻的懦夫和人人可诛的罪犯。我没有兴趣听你的任何故事，不会在乎你的诉求，不可能跟你谈判并妥协，唯一要做的事就是：当场格杀，事后追剿，
随风迁徙的蒲公英,
风清扬兮1987,
甜汤圆小米粥,
唐钰性saorao,
厚道红豆糕看演唱会,
-请带我去明天-,
无霜的寒,//@Babobibobi:经济环境确实影响安全。08年那几年最赚钱的时候大街上都没几个哭丧脸，现在出门被人撞了踩了的也不太敢说话，生怕成了攻破对方理智防线的最后一击[跪了]//@猫猫侠本页:在微博上听过别人讲说90年代到2000年初广西那边有个大刀党，就是拦路抢劫，逢人就砍，后来消失并不是因为严打，而是因
2024继续续fighting,
所以氨基酸酸不酸叻,
别再这样就,
平常心自平凡,
Fxber白_想一口吃掉周猫猫,
北大法律人2002,//@仰慕上塘路:仇恨教育必会得到反噬
买面包偷橘子,
夏夜陆月MAN,
受害者都去青岛报案,
狂吃饭ing,
berJoyce0308_ccoo,
苦逼炼丹师,
LT迷旅,
imonmyown_,
Jackson_92,
都市大好人,
一头大象的漂流,
吃的全拿给我,
看云的天地,
王姨五金建材批发商,
靠谱同学海洋饼干,
mhy不打马虎眼,
虚元真人,
momovilla_,
行星航班在有月亮的夜晚出发,
酷兔兔了,
行歌歌看月亮,//@榆四脉绵蚜:挥刀向更弱者，然后大喊我要公平，笑死了。只敢伤害没拿武器的弱者，还好意思叫什么“无敌之人”[吃瓜][吃瓜][吃瓜]
onesword,
暖阳下迎春风,
星辉只是与你_,//@霍格沃兹P法师:想起来劳老师之前的这个微博 http://t.cn/A6ndHUwk
PallasAthena_,//@霍格沃兹P法师:想起来劳老师之前的这个微博 http://t.cn/A6ndHUwk
爆炸鸡汉堡奶茶,
昨天我灵魂出窍,
穿猫子的靴子,
用户7443544514,
GiuseppeGaribal,
龙华志忱鑫品商贸商行,
棉袄袄软糖,//@霍格沃兹P法师:想起来劳老师之前的这个微博 http://t.cn/A6ndHUwk
严重犯困,
谢十八的动物园prprpr,
volt月下清风,
雏菊小姐,
Yoyo爱老雷,真的少得可怜//@向班长:似乎是唯一在微博发言的真正的知识分子了吧？
ORANGE暄LI,
Pomelooooo_o,
varaii,
flyingcrabr,//@人类幻觉体验师://@我在有求必应屋种香菜:仇恨教育是谁带的头，仇恨情绪又是哪些人在传播，应该很容易查出来
鸭蛋仔_,//@路人Qq2013://@明天----今天----昨天:有位网友的评论： http://t.cn/A6ndHhMV
第三支眼看世界,
YY-GamePlayer,
涓涓溪水-源远流长,
bunny_dance,//@仰慕上塘路:仇恨教育必会得到反噬
花间花非花,
干煎咸鱼,
我只想看演唱会你让让我怎么了,//@仰慕上塘路:仇恨教育必会得到反噬
CeeRnight,//@热心市民伯先生:确实，经济发展绝对是解决社会治安问题的根本良策//@猫猫侠本页:在微博上听过别人讲说90年代到2000年初广西那边有个大刀党，就是拦路抢劫，逢人就砍，后来消失并不是因为严打，而是因为经济发展，有工厂可以打螺丝，而且打螺丝的收益比高于拦路抢劫！
自由自在花若风,//@霍格沃兹P法师:想起来劳老师之前的这个微博 http://t.cn/A6ndHUwk
little_rabbit1999,
铃铛郡主,
就是杀不死安息日,
浮云zb,挥刀向更弱者的懦夫怂包！//@本杰鸣:冤有头，债有主，错误报复对象就是垃圾。//@我在有求必应屋种香菜:仇恨教育是谁带的头，仇恨情绪又是哪些人在传播，应该很容易查出来
little_scarlet_painkiller,//@孤独的高等生物_ss:一个是社会公正和法治，如果人们普遍相信自己有多样的渠道能获得公正和维权，社会氛围会更好。还有就是价值观方面的建设吧，我觉得我们的社会价值观太强调服从和集体了，不强调个体尊严和个性，很多人有自己特殊的问题却不被看见，也不会表达
朦胧地惆怅,//@我在有求必应屋种香菜:仇恨教育是谁带的头，仇恨情绪又是哪些人在传播，应该很容易查出来
爱吃草的无伤,
平凡不平庸2,//@我在有求必应屋种香菜:仇恨教育是谁带的头，仇恨情绪又是哪些人在传播，应该很容易查出来
逗逼小王子哈哈,
杭州炜衡魏律师,
养只金猫猫,
2UU_1i,
在做着什么呢,
安娜垂直飞辅助机,
路人Qq2013,//@明天----今天----昨天:有位网友的评论： http://t.cn/A6ndHhMV
健忘者主题,
纠结HZY小青春,
Chichiyen,
EisenViliant,//@寒老八:该怎么查，该怎么预防，该怎么提前组织，全球都是有经验对策的，无非是肯不肯用，用不用了。这种甚至不敢跟人决斗的废物，从他拿刀起就该直接击毙。国内还是日常太安全了，缺乏应急演习。对这种人，尽可能快速让他跪地才能保护无辜者。//@榆四脉绵蚜:挥刀向更弱者，然后大喊我要公平，笑死了
红泥小火炉爆茶7号,显而易见是那谁，不可说罢了，他们养蛊反噬自己也就罢了，老百姓何其无辜！//@我在有求必应屋种香菜:仇恨教育是谁带的头，仇恨情绪又是哪些人在传播，应该很容易查出来
出了名的拽-,
fortunuppy,//@孤独的高等生物_ss:一个是社会公正和法治，如果人们普遍相信自己有多样的渠道能获得公正和维权，社会氛围会更好。还有就是价值观方面的建设吧，我觉得我们的社会价值观太强调服从和集体了，不强调个体尊严和个性，很多人有自己特殊的问题却不被看见，也不会表达
水果雕刻家,
累累累成表情包,
Rosee_1114,
pupcoco_33,
琚可可·,
生命本来CocaCola,
竹春初三,//@我在有求必应屋种香菜:仇恨教育是谁带的头，仇恨情绪又是哪些人在传播，应该很容易查出来
何谓1刀2断,
小小合襯,
jgwp38367,//@KORYILI://@我在有求必应屋种香菜:仇恨教育是谁带的头，仇恨情绪又是哪些人在传播，应该很容易查出来
每天都想喝金乌扶摇,
快乐不打烊_ouuu,
瓶盖去哪了,
麻吉麻吉吕布子,
Azathothme,
HarryLee__,
HansLin16,
寒老八,这种事情再多下去，日常的正当防卫和公共安全防护就得再更新了。从他有社会危害性开始，周边群众该考虑的就不是怎样”正当“的不越界的制服他，而是全力剿灭他才对。//@情绪废纸篓摆放中:“我反对一切针对平民的恐怖主义行为，无论你的命运是多么悲惨、动机是多么高尚，当你把伤害无辜的普通人作为手段
本座二当家,
海边吹风的小兔子,
路铳,
悟凡-悲安,
墨沉疏,//@情绪废纸篓摆放中:“我反对一切针对平民的恐怖主义行为，无论你的命运是多么悲惨、动机是多么高尚，当你把伤害无辜的普通人作为手段时，你就是人类的敌人、可耻的懦夫和人人可诛的罪犯。我没有兴趣听你的任何故事，不会在乎你的诉求，不可能跟你谈判并妥协，唯一要做的事就是：当场格杀，事后追剿，
铁血军人7,
朝露露l,//@KORYILI ://@我在有求必应屋种香菜 :仇恨教育是谁带的头，仇恨情绪又是哪些人在传播，应该很容易查出来
彩蔷薇_,
昨日再现-_,//@人類幻覺體驗師 ://@我在有求必應屋種香菜 :仇恨教育是谁带的头，仇恨情绪又是哪些人在传播，应该很容易查出来
野生小刺,
同学申,
墨沉疏,//@人偶法拉:回复@霍格沃兹P法师:但至少日本那个男的做到冤有头债有主，他对准了勾结xie教引入日本的安倍，而不是其他底层教众，甚至连安保都没有受伤。在日本那个情况下，安倍几乎不可能得到司法上正义的惩罚，他确实没有其他解决的办法了。//@霍格沃兹P法师:想起来劳老师之前的这个微博 
此処今日雨,
拒绝被代表-滔滔欲绝,转发微博//@很好看的秋天://@芹姑拉姑:懂的都懂//@我在有求必应屋种香菜:仇恨教育是谁带的头，仇恨情绪又是哪些人在传播，应该很容易查出来
zlqyi55,
蒜蓉蒸虾-mm,
寒老八,该怎么查，该怎么预防，该怎么提前组织，全球都是有经验对策的，无非是肯不肯用，用不用了。这种甚至不敢跟人决斗的废物，从他拿刀起就该直接击毙。国内还是日常太安全了，缺乏应急演习。对这种人，尽可能快速让他跪地才能保护无辜者。//@榆四脉绵蚜:挥刀向更弱者，然后大喊我要公平，笑死了。只敢伤害
向日葵1919,
颗颗可可kkm,
tsuki_05mori,//@霍格沃兹P法师:想起来劳老师之前的这个微博 http://t.cn/A6ndHUwk
untamarra,
第二天说再见,//@霍格沃兹P法师:想起来劳老师之前的这个微博 http://t.cn/A6ndHUwk
呆呆雨里睡觉觉,//@仰慕上塘路:仇恨教育必会得到反噬
逍遥子李大宝,
千禾言言,
见势不喵饭团酱,//@奶老板:转发微博
hohihiha,
-hency-,//@猫猫侠本页:在微博上听过别人讲说90年代到2000年初广西那边有个大刀党，就是拦路抢劫，逢人就砍，后来消失并不是因为严打，而是因为经济发展，有工厂可以打螺丝，而且打螺丝的收益比高于拦路抢劫！
河流和小鱼,
潣天会更好,
--苇眉子--,
吃个橙子enigma,yep。另外，恢复五马分尸或者诛九族。可能才行。//@我在有求必应屋种香菜:仇恨教育是谁带的头，仇恨情绪又是哪些人在传播，应该很容易查出来
普罗霍尔,
一只大酒窝呀,
seven今天说话了吗,
RHelen_,
不熬夜猫头鹰,
那就吃点草莓芭菲,
傅诗淇的带刀侍卫,
千禾言言,
Ssupsprosperous7__,
LahjaA_,
kinchanmegane,//@用户7729768982:提醒一下，报仇的意思是冤有头，债有主，报复伤害它的人，而无差别攻击弱者的人没资格说自己是为公平报仇，不过是欺软怕硬，同样不懂公平的破坏分子罢了//@城市的农人:矛盾的根本原因，司法的不公平，不公正，最终必定会导致所有人会不惜代价报仇。
我腿毛着火,
木北青花E,
我喜欢的太多了11,卧槽这个更是重量级//@仰慕上塘路:仇恨教育必会得到反噬
一只成功的煎蛋,
正直11111,
就是不上岸之重生版,//@芹姑拉姑:懂的都懂 //@我在有求必应屋种香菜:仇恨教育是谁带的头，仇恨情绪又是哪些人在传播，应该很容易查出来
晞望舜心,//@猫猫侠本页:在微博上听过别人讲说90年代到2000年初广西那边有个大刀党，就是拦路抢劫，逢人就砍，后来消失并不是因为严打，而是因为经济发展，有工厂可以打螺丝，而且打螺丝的收益比高于拦路抢劫！
_lummi,
钢锁和布鲁斯,回复@猫猫侠本页:经济发展虽然不能解决所有问题，但是可以解决大部分问题！//@猫猫侠本页:在微博上听过别人讲说90年代到2000年初广西那边有个大刀党，就是拦路抢劫，逢人就砍，后来消失并不是因为严打，而是因为经济发展，有工厂可以打螺丝，而且打螺丝的收益比高于拦路抢劫！
用户没有输入昵称,//@奶老板:转发微博
白云去向,
懒得装萌女网友,
阿芋走睡快,
高冷辣椒精,回旋镖🪃//@仰慕上塘路:仇恨教育必会得到反噬
卖废品的小美,
因为众所周知的原因是小狐狸,
陨爻,
云荼不见夏,
超级牛仔裤日记,
越过燃烧星辰,
woaimark,//@向班长:似乎是唯一在微博发言的真正的知识分子了吧？
rollingstoneupdown,
爱练琴的人,
不眠清棕,//@乌萨奇不是乌姆里奇:转发微博
云雾蓬舟,//@榆四脉绵蚜:挥刀向更弱者，然后大喊我要公平，笑死了。只敢伤害没拿武器的弱者，还好意思叫什么“无敌之人”[吃瓜][吃瓜][吃瓜]
俯身亲吻我,
行云在水,
换昵称呢,//@本杰鸣:冤有头，债有主，滥杀无辜就是垃圾。//@我在有求必应屋种香菜:仇恨教育是谁带的头，又是哪些人在传播，应该很容易查出来
西三环码东西,//@我在有求必应屋种香菜: 仇恨教育是谁带的头，仇恨情绪又是哪些人在传播，应该很容易查出来
冰流水,
焦糖布丁奶油派-,
衍浨-,//@猫猫侠本页:在微博上听过别人讲说90年代到2000年初广西那边有个大刀党，就是拦路抢劫，逢人就砍，后来消失并不是因为严打，而是因为经济发展，有工厂可以打螺丝，而且打螺丝的收益比高于拦路抢劫！
筋肉黑皮鞋,//@爱吃宵夜的小肖:公平，公平，还是tmd公平
筋肉黑皮鞋,//@我在有求必应屋种香菜:仇恨教育是谁带的头，仇恨情绪又是哪些人在传播，应该很容易查出来
Friso奶香,
长平Insights,
InselVolleKraftvoraus,//@文史资料-://@我在有求必应屋种香菜:仇恨教育是谁带的头，仇恨情绪又是哪些人在传播，应该很容易查出来
神拳大诸葛,
风筝飞一会吧,
贾佳爱生活,
米米扬米米,
zhshelly,
阿达姆3Q,//@你也要吃奶枣吗:转发微博
52FancyFree,@无边桃炎
T92hyunn7,凭什么无无辜的普通人来承担。//@大江户妙妙:反噬到普通人身上了[允悲]//@仰慕上塘路:仇恨教育必会得到反噬
你也要吃奶枣吗,
畑鹿驚0912,//@霍格沃兹P法师:想起来劳老师之前的这个微博 http://t.cn/A6ndHUwk
Amyeve-,
驴晕芝士,
舒苏sonata,
乌瑟曼波伏娃,
下下周也要学习,
一只小Lily,
做自己的任公子,//@仰慕上塘路:仇恨教育必会得到反噬
7万小时17年交易者2,
四喜丸子与冻梨,
BaGracer,
别睡了感觉学习,
汤汤-DM,
多少黎明多少黄昏里,//@Haines一一西:仇恨教育反噬自身
别睡了感觉学习,//@孤独的高等生物_ss:一个是社会公正和法治，如果人们普遍相信自己有多样的渠道能获得公正和维权，社会氛围会更好。还有就是价值观方面的建设吧，我觉得我们的社会价值观太强调服从和集体了，不强调个体尊严和个性，很多人有自己特殊的问题却不被看见，也不会表达
不泥_,“官僚体系是无名之人的统治”这话很有道理//@明天----今天----昨天:有位网友的评论： http://t.cn/A6ndHhMV
29该隐的荆棘,
YR幸运之星,
用户7775176297,//@我在有求必应屋种香菜:仇恨教育是谁带的头，仇恨情绪又是哪些人在传播，应该很容易查出来
淮安东契奇,
NuoLeyi,
吃瓜群众666_,
转生成为哑巴,//@关雅荻:转发微博
我可能有了偏心的人,
A深海大饭店业务员圆仔,我赞同。肯定关注了很多症能量[兔子][兔子][兔子]@爱吃竹子的猫Q:应该彻查关注列表//@仰慕上塘路:仇恨教育必会得到反噬
大绵阳66600,@南方都市报 @财新网 @南方周末 @看理想vistopia @三联生活周刊 @凤凰网视频 //@芹姑拉姑:懂的都懂//@我在有求必应屋种香菜:仇恨教育是谁带的头，仇恨情绪又是哪些人在传播，应该很容易查出来
地球苦药计,
大葱一把两毛,
Chriz1,
猫猫猫猫猫猫猫喵瞒,//@我在有求必应屋种香菜:仇恨教育是谁带的头，仇恨情绪又是哪些人在传播，应该很容易查出来
十七日尾_1205,
懒羊羊羊羊羊羊羊羊羊羊羊_,
迷恋烧烤无法自拔,
编剧游伟,
LyNnIf,
整天闹笑话,
一名小小的俗气大叔,
小小自热火锅,//@爱吃竹子的猫Q:应该彻查关注列表//@仰慕上塘路:仇恨教育必会得到反噬
蜀垂山客,
AAAOrange,
谢落落,
SJYamber,//@奶老板:转发微博
我的事说来话长AAA,
莫迂,//@我在有求必应屋种香菜:仇恨教育是谁带的头，仇恨情绪又是哪些人在传播，应该很容易查出来
独角戏开演,
吴汉村,
solomn2012,
你算哪块小饼干2025,
潜潜不逾,//@出站上楼://@安飞诺:转发微博
喜欢一些乱七八糟,
A1ex和晚霞,//@如水青云:更要思考为什么走到这一步，如何改善民生民权，如何发展经济与法治，让社会更公平，建立社会保障体系，让每个人有更多的救助渠道，给人希望，尽量不让人绝望而崩溃，不要打压言论自由，当缺乏救助渠道连发声都不行时，更容易爆炸…
到灯塔去_口,
最后的这个世界,
努力假扮时髦,
一颗小星位AN,
明光泠泠,
炒蛋莉,
雁南叻,赞成//@孤独的高等生物_ss:一个是社会公正和法治，如果人们普遍相信自己有多样的渠道能获得公正和维权，社会氛围会更好。还有就是价值观方面的建设吧，我觉得我们的社会价值观太强调服从和集体了，不强调个体尊严和个性，很多人有自己特殊的问题却不被看见，也不会表达
小时候最喜欢段誉和乔峰,
每天都犯困高手,
你不知你知不知,//@人类幻觉体验师://@我在有求必应屋种香菜:仇恨教育是谁带的头，仇恨情绪又是哪些人在传播，应该很容易查出来
小墙纸2016,//@上帝爱子://@向班长:似乎是唯一在微博发言的真正的知识分子了吧？
小词鱼吐泡泡3FE,//@霍格沃兹P法师:想起来劳老师之前的这个微博 http://t.cn/A6ndHUwk
芝士金鱼糖糕,
别说我不要face,
秋雨孤灯_97851,
huayinn-,
乌萨奇不是乌姆里奇,
哑巴湖大水怪2333,
心地善良天真无邪的小女孩,
秦绪才,
星星落在手心里,
云雨巫山枉断肠丶,
炸酱面617,
serendipity_berry,
扯淡与靠谱,
谁吃油炸圆白菜,
是肉包还是菜包,
風林火山非傳說,//@我在有求必应屋种香菜:仇恨教育是谁带的头，仇恨情绪又是哪些人在传播，应该很容易查出来
江边胖大叔,回复@我在有求必应屋种香菜:你也应该经历了同样的教育吧，你会有同样的仇恨情绪吗？//@我在有求必应屋种香菜:仇恨教育是谁带的头，仇恨情绪又是哪些人在传播，应该很容易查出来
还是会寂寞捏,
小美_Moli,
周骏2010,
土星大队长,
maylin1990,
maylin1990,
無愛紀1984,
嵇康门下2,
KORYILI,//@我在有求必应屋种香菜:仇恨教育是谁带的头，仇恨情绪又是哪些人在传播，应该很容易查出来
幸福的咖啡小豆,
maylin1990,
maylin1990,
maylin1990,
maylin1990,
溪沟江河湖海,
kkkkkiiiizzz,
maylin1990,
随心所欲_说与跳,
客从西面来,
看门老徐,
森可多多,
maylin1990,
maylin1990,
maylin1990,
满山红叶shi,
过眼云烟随风去,
maylin1990,
念安618,
封冰国南果如,//@北京泽博王兴://@奚正仁的小屋:转发微博
百道BB,
maylin1990,
maylin1990,
Aurora_JG,
HandsomePumpkin,
maylin1990,
6666jinjin,
Michael-Miller,//@宇宙中de一粒尘_: 经济大潮退去后，所有的痛点都会露出水面。
Michael-Miller,//@Haines一一西: 仇恨教育反噬自身
Michael-Miller,//@爱吃宵夜的小肖: 公平，公平，还是tmd公平
外星人欧罗巴,
奶老板,
用户6133893507,
寽虎,
爱獭星喵,//@我在有求必应屋种香菜: 仇恨教育是谁带的头，仇恨情绪又是哪些人在传播，应该很容易查出来
上帝爱子,//@向班长:似乎是唯一在微博发言的真正的知识分子了吧？
2024龙年招财进宝,.//@rebeccadaytoy:“无论在任何地方都不要为暴力和杀戮叫好”
仲系冲绳流浪猫,//@我在有求必应屋种香菜: 仇恨教育是谁带的头，仇恨情绪又是哪些人在传播，应该很容易查出来
俗说客,
奋力前进2015,//@向班长:似乎是唯一在微博发言的真正的知识分子了吧？
LY5627,
四顾剑oooO,
Slightlyswimming,
杰胡里咯蕊,
不爱风尘杜十娘,我们小区有一个//@猫猫侠本页:其实更多的是默默自杀的人，8月底和9月初我们小区连续跳楼了两个，一个是得了癌症，才入职保洁的50多岁的老人，一个是13岁的小男孩
MOLI_jl,
1仍是如此2,
神腔手山中,//@我在有求必应屋种香菜:仇恨教育是谁带的头，仇恨情绪又是哪些人在传播，应该很容易查出来
明不正言不顺,
汉语脉络戒定慧,[伤心][伤心]//@很好看的秋天 ://@Alicia1991 ://@猫猫侠本页 :其实更多的是默默自杀的人，8月底和9月初我们小区连续跳楼了两个，一个是得了癌症，才入职保洁的50多岁的老人，一个是13岁的小男孩
pppussuserrr,//@告别黄金时代 :鼓吹无敌之人的货色不抓一批说明有人乐见其成//@钢锁和布鲁斯 :发动群众斗群众，发动亲人斗亲人，发动朋友斗朋友，让敢说真话的人众叛亲离，家破人亡，处处防控，紧紧相逼，生活上搞乱你，精神搞崩溃你，让你家破人亡，死无葬身之地。这样子真的能够维稳吗？
公正法律联盟,
莫教主001,
冷的茶陪着冷的咖啡,//@我在有求必应屋种香菜:仇恨教育是谁带的头，仇恨情绪又是哪些人在传播，应该很容易查出来
还不困丶,
滚雪球_ing,//@情绪废纸篓摆放中:“我反对一切针对平民的恐怖主义行为，无论你的命运是多么悲惨、动机是多么高尚，当你把伤害无辜的普通人作为手段时，你就是人类的敌人、可耻的懦夫和人人可诛的罪犯。我没有兴趣听你的任何故事，不会在乎你的诉求，不可能跟你谈判并妥协，唯一要做的事就是：当场格杀，事后追剿，
重华_暗恋妙木山,
无眉女侠,
重华_暗恋妙木山,
Syean11,
山的另一方,//@有風晴沐:弱者要求公平，强者要求特权//@爱吃宵夜的小肖:公平，公平，还是tmd公平
告别黄金时代,鼓吹无敌之人的货色不抓一批说明有人乐见其成//@钢锁和布鲁斯:发动群众斗群众，发动亲人斗亲人，发动朋友斗朋友，让敢说真话的人众叛亲离，家破人亡，处处防控，紧紧相逼，生活上搞乱你，精神搞崩溃你，让你家破人亡，死无葬身之地。这样子真的能够维稳吗？
德州扒鸡批发,
青山又见_,
51579noncheating,
邪人疯,
Marijuanalibido,
钢锁和布鲁斯,
慈悲为怀2021,//@我在有求必应屋种香菜:仇恨教育是谁带的头，仇恨情绪又是哪些人在传播，应该很容易查出来
小象和月亮,
渡可渡的人,
吃土x豆,
OOOccc000,
用户6191011782,
用户7405686457,//@北京泽博王兴://@奚正仁的小屋:转发微博
团圆美满今朝最,//@很好看的秋天://@Alicia1991://@猫猫侠本页:其实更多的是默默自杀的人，8月底和9月初我们小区连续跳楼了两个，一个是得了癌症，才入职保洁的50多岁的老人，一个是13岁的小男孩
小妹把脉吗,//@如水青云:更要思考为什么走到这一步，如何改善民生民权，如何发展经济与法治，让社会更公平，建立社会保障体系，让每个人有更多的救助渠道，给人希望，尽量不让人绝望而崩溃，不要打压言论自由，当缺乏救助渠道连发声都不行时，更容易爆炸…
北京泽博王兴,//@奚正仁的小屋:转发微博
abilitytopay,
桥洞种菜老人,
三角土豆碗,
李莉丶丶,
风再起时你还好吗,
言吾言雨ing,
奚正仁的小屋,
1984虫虫,
全自动洗车,//@明天----今天----昨天:有位网友的评论： http://t.cn/A6ndHhMV
妙慧教乐,
Hiero_9070,//@我在有求必应屋种香菜:仇恨教育是谁带的头，仇恨情绪又是哪些人在传播，应该很容易查出来
大风起兮无路可逃,//@人类幻觉体验师://@我在有求必应屋种香菜:仇恨教育是谁带的头，仇恨情绪又是哪些人在传播，应该很容易查出来
用户yx9p2u4ktp,
Ai-谦谦,
梦中凡间,
显微望远,
清溪有樵夫,//@如水青云:更要思考为什么走到这一步，如何改善民生民权，如何发展经济与法治，让社会更公平，建立社会保障体系，让每个人有更多的救助渠道，给人希望，尽量不让人绝望而崩溃，不要打压言论自由，当缺乏救助渠道连发声都不行时，更容易爆炸…
也许只用一间屋,
Tordoff,
顺势而为的德安与乐,
一只仰望星空的虫虫,//@当地小有名气的事:一周一个恶性报复社会事件，还有人还舔着脸说偶发事件呢……赖给互联网发达了才有这些新闻，好像我们这两年才通网一样
园林人,
减肥一直失败的koooodaaaa鸭,//@关雅荻:转发微博
风里的江南,//@霍格沃兹P法师:想起来劳老师之前的这个微博 http://t.cn/A6ndHUwk
许春Xu,
murmurer羊,
横剑补天,
秋草的季风,
leaveitunbroken,
崔钰判官,
aufersphonix,
此姜姜非彼姜姜,
她们叫我米老鼠,
在逃者-番茄肥牛粉丝煲,
荒原狼5478,
study366,//@如水青云:更要思考为什么走到这一步，如何改善民生民权，如何发展经济与法治，让社会更公平，建立社会保障体系，让每个人有更多的救助渠道，给人希望，尽量不让人绝望而崩溃，不要打压言论自由，当缺乏救助渠道连发声都不行时，更容易爆炸…
FinalGate2,
人造限量版元素-,
水美为海,//@文史资料-://@我在有求必应屋种香菜:仇恨教育是谁带的头，仇恨情绪又是哪些人在传播，应该很容易查出来
你好老钟,
行僧不远行,//@向班长 :似乎是唯一在微博发言的真正的知识分子了吧？
百京烤鸭鸭,
杭州天堂行者,
乐观的bgzyz,
Lastwb001,//@我在有求必应屋种香菜:仇恨教育是谁带的头，仇恨情绪又是哪些人在传播，应该很容易查出来
YuSun_OnTheRoad,
蓝莓气泡水咕噜,
我叕被疯了,
吾语若,
蒲柏蒲柏,
历史学的境界,
不眠的春日,
用户7858072877,
Ingridove,
小雨要做无纪律的四有新人,
_叁白三百_,
胡摸先生,
文史资料-,//@我在有求必应屋种香菜:仇恨教育是谁带的头，仇恨情绪又是哪些人在传播，应该很容易查出来
扣篮这件事下次一定,
HuiLGH,//@有風晴沐:弱者要求公平，强者要求特权//@爱吃宵夜的小肖:公平，公平，还是tmd公平
离开我的精神世界,
朱婷Nicole,
兔大王三代目,//@人类幻觉体验师://@我在有求必应屋种香菜:仇恨教育是谁带的头，仇恨情绪又是哪些人在传播，应该很容易查出来
舒服的陌生00353,
贝妮晴宝,
大肖Tony,
用户6795762270,//@向班长:似乎是唯一在微博发言的真正的知识分子了吧？
Canisadustus,堂下何人下略//@人类幻觉体验师://@我在有求必应屋种香菜:仇恨教育是谁带的头，仇恨情绪又是哪些人在传播，应该很容易查出来
很好看的秋天,//@芹姑拉姑:懂的都懂//@我在有求必应屋种香菜:仇恨教育是谁带的头，仇恨情绪又是哪些人在传播，应该很容易查出来
祝好运w1,
很好看的秋天,//@Alicia1991://@猫猫侠本页:其实更多的是默默自杀的人，8月底和9月初我们小区连续跳楼了两个，一个是得了癌症，才入职保洁的50多岁的老人，一个是13岁的小男孩
开心的东西要专心记起__,
Alicia1991,//@猫猫侠本页:其实更多的是默默自杀的人，8月底和9月初我们小区连续跳楼了两个，一个是得了癌症，才入职保洁的50多岁的老人，一个是13岁的小男孩
猫猫侠本页,
社恐毒舌小师妹,
小剃头林荣,
孑民严行新号,
启航小宝萌萌,
沉默海域,搞着搞着成贼喊捉贼了//@人类幻觉体验师 ://@我在有求必应屋种香菜 :仇恨教育是谁带的头，仇恨情绪又是哪些人在传播，应该很容易查出来
懒虫要学会感恩,//@我在有求必应屋种香菜:仇恨教育是谁带的头，仇恨情绪又是哪些人在传播，应该很容易查出来
江安东,
大连华茂,
赵军的玫瑰,
Eric_ch2023,
商长源,//@明天----今天----昨天:有位网友的评论： http://t.cn/A6ndHhMV
圖蘭点,执法不公，是最主要的仇恨教育。//@胜利威尔的难民:什么是仇恨教育 跟谁有仇？恨谁？跟老师说的暴力事件有关系吗？//@我在有求必应屋种香菜:仇恨教育是谁带的头，仇恨情绪又是哪些人在传播，应该很容易查出来
树上鱼0020,
网抑云会员01,
中年范进,遥遥领先@铜盂九纹龙史进 @南蛮鴃人 @derekzy @Eucalyptus_则垠
禁疼钱财,
月明风清1324761871,
豆豆大魔王27,
微微安7788,
马兰花贰拾壹,
饼卷炸串,//@如水青云 :更要思考为什么走到这一步，如何改善民生民权，如何发展经济与法治，让社会更公平，建立社会保障体系，让每个人有更多的救助渠道，给人希望，尽量不让人绝望而崩溃，不要打压言论自由，当缺乏救助渠道连发声都不行时，更容易爆炸…
罗曼蒂克无终章,
Ho_Gwoktim,
猪上山打老虎,[微笑]//@芹姑拉姑:懂的都懂//@我在有求必应屋种香菜:仇恨教育是谁带的头，仇恨情绪又是哪些人在传播，应该很容易查出来
渊山秋筠,
天气预报播报员,//@我在有求必应屋种香菜:仇恨教育是谁带的头，仇恨情绪又是哪些人在传播，应该很容易查出来
新崎月,
斯七-Josee,
芭蕉叶下客0,//@安飞诺:转发微博
东南吴顾问,//@我在有求必应屋种香菜:仇恨教育是谁带的头，仇恨情绪又是哪些人在传播，应该很容易查出来
kkkkkkold,
freeflight09,//@我在有求必应屋种香菜:仇恨教育是谁带的头，仇恨情绪又是哪些人在传播，应该很容易查出来
核桃炖萝卜,//@人类幻觉体验师://@我在有求必应屋种香菜:仇恨教育是谁带的头，仇恨情绪又是哪些人在传播，应该很容易查出来
出站上楼,//@安飞诺:转发微博
十字路口的姐姐,
dty329,
自来随云散自去逐水流,
海鲜派的86180,
什么咪动静,//@人类幻觉体验师://@我在有求必应屋种香菜:仇恨教育是谁带的头，仇恨情绪又是哪些人在传播，应该很容易查出来
金色时光的夏天,自由  希望  包容  爱 //@陌颜希LH小明:解决社会矛盾，增大就业率，提高人民收入
飞成永恒,
梵音閱君,
散装冰糖橙子,
敏捷小米糕爱社会,
云深-不知处,
还有没有快乐起来的理由,
三寸言雨,要是都学了：都是一个师傅教的，破不了招啊。//@Hi-Res复读機:只能学习陈如皋老师的无限制格斗了，至少发生在自己身边的时候能保命，甚至能打到歹徒。但是如果歹徒学了无限制格斗，那危害会相当大了。
纵横四海_75188,
老糊涂猫,//@安飞诺:转发微博
小墙纸2016,//@如水青云:更要思考为什么走到这一步，如何改善民生民权，如何发展经济与法治，让社会更公平，建立社会保障体系，让每个人有更多的救助渠道，给人希望，尽量不让人绝望而崩溃，不要打压言论自由，当缺乏救助渠道连发声都不行时，更容易爆炸…
且望雲卷雲舒,
串串汤园,
HoldDle,//@猫猫侠本页:在微博上听过别人讲说90年代到2000年初广西那边有个大刀党，就是拦路抢劫，逢人就砍，后来消失并不是因为严打，而是因为经济发展，有工厂可以打螺丝，而且打螺丝的收益比高于拦路抢劫！
双倍拿铁加浓缩,
JChow星星,//@爱吃宵夜的小肖:公平，公平，还是tmd公平
SNH48-千叶惠里,
时光长了腿,
额滴神呀233,某些还在煽动恐怖犯罪的群体，社交媒体一查便知。//@我在有求必应屋种香菜:仇恨教育是谁带的头，仇恨情绪又是哪些人在传播，应该很容易查出来
howiloveher,
村上春春p,
谢庭风絮远3,
关雅荻,
mazel-tov,
Hi-Res复读機,还有一点，现在开盒手法流行，线下真实可能性也越来越高。还是得多用粉丝可见和好友可见来降低吸引xx的风险。//@Hi-Res复读機:只能学习陈如皋老师的无限制格斗了，至少发生在自己身边的时候能保命，甚至能打到歹徒。但是如果歹徒学了无限制格斗，那危害会相当大了。
-莳洢-,
_結冰的塞納河上一隻耗子在走,
东较场38,
-事实上我没有名字,
猫咪足球俱乐部,//@人类幻觉体验师://@我在有求必应屋种香菜:仇恨教育是谁带的头，仇恨情绪又是哪些人在传播，应该很容易查出来
孤蓬漠烟鸿九霄,//@明天----今天----昨天:有位网友的评论： http://t.cn/A6ndHhMV
贝吉不是贝吉塔,
D_is_for_Dangerous_animal,
群岛200309,
llebena,
辩论之基本逻辑,
如水青云,
猫猫侠本页,
雄韬视线,
coffeeCatie,
小墙纸2016,//@安飞诺:转发微博
四月哗啦啦,
人类幻觉体验师,//@我在有求必应屋种香菜:仇恨教育是谁带的头，仇恨情绪又是哪些人在传播，应该很容易查出来
fantasy0025,
supercat0_0,
CCB邱白,
养花栖,//@安飞诺:转发微博
飘在星空中的一粒尘埃,
Nalinie_aka,
之岸_50,
Hitchhikervu,
安飞诺,
涤烦子_n-o-monster,
panlyouwin,
快乐欣欣A,
明天----今天----昨天,
孟娴丫,
边疆王爷,
Scott1616,
吃个苹果都要看抢,
王正伦读宋史,//@爱吃宵夜的小肖:公平，公平，还是tmd公平
财班马丽呀-3,@财班马丽呀-3:自由民主公正法治-我们的核心价值观
Lloud_withlls,
嗨_Yen,
A水暖建材批发陈总,
Fly_Windflower,[失望]//@心如止水屁老师:没办法应对
Caspase是种酶,
明明0222plusplusplus,
义马义马,
飘在星空中的一粒尘埃,
律所高级打工仔,
Theorem_虎福来财,
dlxqzc_hank,
绿树青葱,
Trapinnn,
宇宙在逃大头星,
金锁雄关RcpD,
kristinlin2007,
RailCap,//@爱吃宵夜的小肖:公平，公平，还是tmd公平
神算子平静地坐在马扎上,
Hi-Res复读機,
甜橘蜂蜜,
柠月青青,
当地小有名气的事,
苍蓝公子,
复活的难相处,
金桔简,//@爱吃宵夜的小肖:公平，公平，还是tmd公平
鱼儿要自由an,《让子弹飞》没少看哈[羞嗒嗒]//@爱吃宵夜的小肖:公平，公平，还是tmd公平
来发疯的sincos,
Blve-Sea,
萝卜特棒,
心如止水屁老师,
树冠上的海,
用户胡杨树515,
能不能给我过一个昵称呢,
浆果之梦,
编剧牛立明,
叶开Luke,
KKkliessaw,
世不可避_Q,
政协委员王有才,
