first,second
#哈利波特海格扮演者去世,@魔幻艺术大观
#哈利波特海格扮演者去世,@我在有求必应屋种香菜
@我在有求必应屋种香菜,@人类幻觉体验师
#哈利波特海格扮演者去世,@榆四脉绵蚜
@榆四脉绵蚜,@狼小小08
#哈利波特海格扮演者去世,@不要走进海里
#哈利波特海格扮演者去世,@马志海
@马志海,@Mentirosos
#哈利波特海格扮演者去世,@gahdhebf
#哈利波特海格扮演者去世,@雾月猪子
#哈利波特海格扮演者去世,@我在有求必应屋种香菜
@我在有求必应屋种香菜,@人类幻觉体验师
@人类幻觉体验师,@风高放火人绝赞爬行中
#哈利波特海格扮演者去世,@明天----今天----昨天
@明天----今天----昨天,@我在有求必应屋种香菜
@我在有求必应屋种香菜,@人类幻觉体验师
@人类幻觉体验师,@魔幻艺术大观
@魔幻艺术大观,@甜甜梅子汤
@甜甜梅子汤,@聂诗檀
#哈利波特海格扮演者去世,@尼可-金克斯
#哈利波特海格扮演者去世,@na110202241119
#哈利波特海格扮演者去世,@AL_Kasumi
#哈利波特海格扮演者去世,@One--plus-one
#哈利波特海格扮演者去世,@赵童心
#哈利波特海格扮演者去世,@郑小虾爱吃虾
#哈利波特海格扮演者去世,@时间空间__
#哈利波特海格扮演者去世,@以善为源
#哈利波特海格扮演者去世,@玉婷姐姐202111
#哈利波特海格扮演者去世,@明天----今天----昨天
@明天----今天----昨天,@我在有求必应屋种香菜
@我在有求必应屋种香菜,@人类幻觉体验师
@人类幻觉体验师,@魔幻艺术大观
@魔幻艺术大观,@甜甜梅子汤
#哈利波特海格扮演者去世,@魔幻艺术大观
@魔幻艺术大观,@广州城堡堡主
@广州城堡堡主,@滚雪球蘶
#哈利波特海格扮演者去世,@明天----今天----昨天
@明天----今天----昨天,@胖虎乎乎
#哈利波特海格扮演者去世,@可爱的花轮同学
#哈利波特海格扮演者去世,@李秋笙丶
#哈利波特海格扮演者去世,@马志海
@马志海,@潮乡球友谁是言佳
#哈利波特海格扮演者去世,@用户6441373063
#哈利波特海格扮演者去世,@豆維坦
#哈利波特海格扮演者去世,@一鸣惊人RAT
#哈利波特海格扮演者去世,@法官张正伟
@法官张正伟,@邹骏律师
#哈利波特海格扮演者去世,@孙怡大富婆
#哈利波特海格扮演者去世,@用户7962512053
#哈利波特海格扮演者去世,@RoroTamaccistill
@RoroTamaccistill,@Souvenir猫儿
#哈利波特海格扮演者去世,@烟波江上使人愁999
@烟波江上使人愁999,@教授老头
#哈利波特海格扮演者去世,@缓释胶囊使用说明
#哈利波特海格扮演者去世,@榆四脉绵蚜
@榆四脉绵蚜,@另一所大脑
#哈利波特海格扮演者去世,@用户8631563101
#哈利波特海格扮演者去世,@劳东燕2004
@劳东燕2004,@用户7952676829
#哈利波特海格扮演者去世,@燃情凤凰
@燃情凤凰,@-w王小王w-
#哈利波特海格扮演者去世,@啵啵卡通麻薯
#哈利波特海格扮演者去世,@Authormom130
#哈利波特海格扮演者去世,@胡斐大侠
@胡斐大侠,@海之珊瑚树2
#哈利波特海格扮演者去世,@李旻然2022
@李旻然2022,@堂前萱草开
@堂前萱草开,@小鸩的心
#哈利波特海格扮演者去世,@老虫91348
#哈利波特海格扮演者去世,@圆周率的n
#哈利波特海格扮演者去世,@岱泅
#哈利波特海格扮演者去世,@Acumularcoraje
#哈利波特海格扮演者去世,@李旻然2022
@李旻然2022,@堂前萱草开
@堂前萱草开,@cptbtptp23333
#哈利波特海格扮演者去世,@李旻然2022
@李旻然2022,@堂前萱草开
@堂前萱草开,@重生之我爱我家
#哈利波特海格扮演者去世,@ZHC辰-
#哈利波特海格扮演者去世,@爱睡觉的觉老师
#哈利波特海格扮演者去世,@李旻然2022
@李旻然2022,@堂前萱草开
@堂前萱草开,@工作是扎在屁股一根刺
#哈利波特海格扮演者去世,@鼠来宝0401
@鼠来宝0401,@用户7947716061
#哈利波特海格扮演者去世,@马志海
#哈利波特海格扮演者去世,@小鲤08899
#哈利波特海格扮演者去世,@魔幻艺术大观
@魔幻艺术大观,@广州城堡堡主
@广州城堡堡主,@Replusentos
#哈利波特海格扮演者去世,@直播悬念
#哈利波特海格扮演者去世,@三三麻能用了吗
#哈利波特海格扮演者去世,@萌咕咕想毕业
#哈利波特海格扮演者去世,@可念L
@可念L,@业余人类豆皮
#哈利波特海格扮演者去世,@李旻然2022
@李旻然2022,@堂前萱草开
#哈利波特海格扮演者去世,@Minervasophiel
@Minervasophiel,@alerbet699
#哈利波特海格扮演者去世,@Taolesi-
#哈利波特海格扮演者去世,@公正法律联盟
@公正法律联盟,@秋知岚
#哈利波特海格扮演者去世,@Alexexexex
#哈利波特海格扮演者去世,@老沈影谈
@老沈影谈,@纪实微言
@纪实微言,@起名要学问
#哈利波特海格扮演者去世,@无所为的天空
#哈利波特海格扮演者去世,@你别问我了行吗我也不知道
#哈利波特海格扮演者去世,@肥肥狮_
#哈利波特海格扮演者去世,@魔幻艺术大观
@魔幻艺术大观,@广州城堡堡主
@广州城堡堡主,@坦荡椰子打扫卫生
#哈利波特海格扮演者去世,@一切真的皆有可能
#哈利波特海格扮演者去世,@理性反脆弱
#哈利波特海格扮演者去世,@Fleisharoke
#哈利波特海格扮演者去世,@YoungHarding
#哈利波特海格扮演者去世,@秋色照孤城
#哈利波特海格扮演者去世,@Rolandandy
@Rolandandy,@换个亮点的灯
#哈利波特海格扮演者去世,@榆四脉绵蚜
@榆四脉绵蚜,@烧根句滴
#哈利波特海格扮演者去世,@八芥就爱西瓜皮
#哈利波特海格扮演者去世,@Ahhhboom
#哈利波特海格扮演者去世,@能逃離秩序舞動幻影到夢醒
#哈利波特海格扮演者去世,@_落葉上要寫字
#哈利波特海格扮演者去世,@烟波江上使人愁999
@烟波江上使人愁999,@人老看美女
#哈利波特海格扮演者去世,@清粥酿酒有点甜
#哈利波特海格扮演者去世,@广州城堡堡主
@广州城堡堡主,@潇之水
#哈利波特海格扮演者去世,@魔幻艺术大观
@魔幻艺术大观,@思亦无妨
#哈利波特海格扮演者去世,@可念L
#哈利波特海格扮演者去世,@金的凤
#哈利波特海格扮演者去世,@_白White
#哈利波特海格扮演者去世,@搬砖老袁
@搬砖老袁,@易爱易
#哈利波特海格扮演者去世,@_昵称太难取了
#哈利波特海格扮演者去世,@有風晴沐
#哈利波特海格扮演者去世,@霍格沃兹P法师
@霍格沃兹P法师,@一只伤心小狗
#哈利波特海格扮演者去世,@_小羊快跑
#哈利波特海格扮演者去世,@一朵一朵儿
#哈利波特海格扮演者去世,@国宝12456
#哈利波特海格扮演者去世,@奚正仁的小屋
@奚正仁的小屋,@北京泽博王兴
@北京泽博王兴,@吉林四平邹清海冤案
#哈利波特海格扮演者去世,@Suzu_喔
#哈利波特海格扮演者去世,@Rolandandy
#哈利波特海格扮演者去世,@波秋小鸟
#哈利波特海格扮演者去世,@榆四脉绵蚜
@榆四脉绵蚜,@tonightwegocrazy
#哈利波特海格扮演者去世,@汉人移民后裔
#哈利波特海格扮演者去世,@Amebia
@Amebia,@朱亦如
#哈利波特海格扮演者去世,@青城山下黄素贞
#哈利波特海格扮演者去世,@nice_meow
#哈利波特海格扮演者去世,@烟波江上使人愁999
@烟波江上使人愁999,@良朋好支
#哈利波特海格扮演者去世,@田蜜蜜1029
#哈利波特海格扮演者去世,@叶舒华爱用柯震东
#哈利波特海格扮演者去世,@榆四脉绵蚜
@榆四脉绵蚜,@Pearl_of_May
#哈利波特海格扮演者去世,@胖虎乎乎
#哈利波特海格扮演者去世,@一只潜水的露比
#哈利波特海格扮演者去世,@魔幻艺术大观
@魔幻艺术大观,@广州城堡堡主
@广州城堡堡主,@yuki-fong12
#哈利波特海格扮演者去世,@本川凉子
#哈利波特海格扮演者去世,@魔幻艺术大观
@魔幻艺术大观,@广州城堡堡主
@广州城堡堡主,@凉满北窗-----
#哈利波特海格扮演者去世,@Lucvi--
#哈利波特海格扮演者去世,@快乐就在这个路口见
#哈利波特海格扮演者去世,@遐迩之春
#哈利波特海格扮演者去世,@魔幻艺术大观
@魔幻艺术大观,@广州城堡堡主
@广州城堡堡主,@沙雕雕-
#哈利波特海格扮演者去世,@燃情凤凰
#哈利波特海格扮演者去世,@岩心傲雪
#哈利波特海格扮演者去世,@丑娃阿轩
@丑娃阿轩,@光头家伟
#哈利波特海格扮演者去世,@徐老六贼溜
#哈利波特海格扮演者去世,@胡斐大侠
@胡斐大侠,@搬砖老袁
#哈利波特海格扮演者去世,@YHECK163
#哈利波特海格扮演者去世,@baiyacky
@baiyacky,@Johngjt0429
#哈利波特海格扮演者去世,@是一个生气博主
#哈利波特海格扮演者去世,@未着泥Ss
#哈利波特海格扮演者去世,@星夜风微凉888
#哈利波特海格扮演者去世,@涟漪4824
#哈利波特海格扮演者去世,@榆四脉绵蚜
@榆四脉绵蚜,@规律作息2023
@规律作息2023,@奥运村民0828
#哈利波特海格扮演者去世,@智慧婴儿
#哈利波特海格扮演者去世,@菜菜绪子_
@菜菜绪子_,@用户7933474472
@用户7933474472,@燃情凤凰
#哈利波特海格扮演者去世,@zhaijingyong88
@zhaijingyong88,@用户7637960363
@用户7637960363,@zhaijingyong88
@zhaijingyong88,@蚁族的奋斗199110
#哈利波特海格扮演者去世,@大海-的地盘
#哈利波特海格扮演者去世,@fantasy0025
@fantasy0025,@ILovecatcat
@ILovecatcat,@燃情凤凰
#哈利波特海格扮演者去世,@法官张正伟
#哈利波特海格扮演者去世,@榆四脉绵蚜
@榆四脉绵蚜,@利莫里亚魔法鸭
#哈利波特海格扮演者去世,@lns精品视频与图片
#哈利波特海格扮演者去世,@榆四脉绵蚜
@榆四脉绵蚜,@似是故人来9307
#哈利波特海格扮演者去世,@魔幻艺术大观
@魔幻艺术大观,@命理师枕星河
#哈利波特海格扮演者去世,@魔幻艺术大观
@魔幻艺术大观,@广州城堡堡主
@广州城堡堡主,@廣州巡城馬1
@廣州巡城馬1,@迟夙生律师
@迟夙生律师,@复兴中华记实杂谈
#哈利波特海格扮演者去世,@科学自由
#哈利波特海格扮演者去世,@distant-place13
#哈利波特海格扮演者去世,@榆四脉绵蚜
@榆四脉绵蚜,@-关于莉莉周的一切-
#哈利波特海格扮演者去世,@那就有劳苏公gong女士
#哈利波特海格扮演者去世,@入海即落入我怀
#哈利波特海格扮演者去世,@菜菜绪子_
@菜菜绪子_,@用户7933474472
#哈利波特海格扮演者去世,@不穿内裤睡觉
#哈利波特海格扮演者去世,@粉可爱j
#哈利波特海格扮演者去世,@捞全
#哈利波特海格扮演者去世,@咻咻咻咻咻咻咪咕
#哈利波特海格扮演者去世,@一星如月_0630
#哈利波特海格扮演者去世,@魔幻艺术大观
@魔幻艺术大观,@广州城堡堡主
@广州城堡堡主,@自动裆
#哈利波特海格扮演者去世,@常徘徊_
#哈利波特海格扮演者去世,@江南水乡015
#哈利波特海格扮演者去世,@魔幻艺术大观
@魔幻艺术大观,@股海东方不败
@股海东方不败,@猫猫侠本页
#哈利波特海格扮演者去世,@不会放过张桂源
#哈利波特海格扮演者去世,@胡斐大侠
#哈利波特海格扮演者去世,@马里欧派对
#哈利波特海格扮演者去世,@榆四脉绵蚜
@榆四脉绵蚜,@星星花洒
#哈利波特海格扮演者去世,@霍格沃兹P法师
@霍格沃兹P法师,@爱麦麦香芋派
#哈利波特海格扮演者去世,@魔幻艺术大观
@魔幻艺术大观,@广州城堡堡主
@广州城堡堡主,@vww龙眼西瓜冰
@vww龙眼西瓜冰,@小洲道茶二楼主
@小洲道茶二楼主,@慕荀说
#哈利波特海格扮演者去世,@Carolineuuuu
#哈利波特海格扮演者去世,@sparkle啦啦
@sparkle啦啦,@MacMac198603
#哈利波特海格扮演者去世,@创造希望201706
#哈利波特海格扮演者去世,@霍格沃兹P法师
@霍格沃兹P法师,@Yolozz_a
#哈利波特海格扮演者去世,@情绪废纸篓摆放中
@情绪废纸篓摆放中,@MacMac198603
@MacMac198603,@sparkle啦啦
#哈利波特海格扮演者去世,@杭苍陌
@杭苍陌,@Amebia
#哈利波特海格扮演者去世,@老沈影谈
@老沈影谈,@纪实微言
#哈利波特海格扮演者去世,@用户7953588797
#哈利波特海格扮演者去世,@zhaijingyong88
@zhaijingyong88,@彪__学习
#哈利波特海格扮演者去世,@猫猫侠本页
@猫猫侠本页,@淅沥闪光Sparkling
#哈利波特海格扮演者去世,@一纸盒牛奶
#哈利波特海格扮演者去世,@传哥没醉
#哈利波特海格扮演者去世,@是虾滑_
#哈利波特海格扮演者去世,@冈崎秀一朗
#哈利波特海格扮演者去世,@烟波江上使人愁999
@烟波江上使人愁999,@用户7943225000
#哈利波特海格扮演者去世,@油杂萝卜丸子
#哈利波特海格扮演者去世,@DT24j_
#哈利波特海格扮演者去世,@榆四脉绵蚜
@榆四脉绵蚜,@奥LI澳
#哈利波特海格扮演者去世,@我在有求必应屋种香菜
@我在有求必应屋种香菜,@人类幻觉体验师
@人类幻觉体验师,@小星漫步
#哈利波特海格扮演者去世,@魔幻艺术大观
@魔幻艺术大观,@烽火扬州路6
#哈利波特海格扮演者去世,@我在有求必应屋种香菜
@我在有求必应屋种香菜,@人类幻觉体验师
@人类幻觉体验师,@天野星狼
#哈利波特海格扮演者去世,@霍格沃兹P法师
@霍格沃兹P法师,@皆为假想观众
#哈利波特海格扮演者去世,@魔幻艺术大观
@魔幻艺术大观,@广州城堡堡主
@广州城堡堡主,@树上骑个犭候
#哈利波特海格扮演者去世,@霍格沃兹P法师
@霍格沃兹P法师,@恋奶龙癖
#哈利波特海格扮演者去世,@学着投资
#哈利波特海格扮演者去世,@剑影秋歌一世
#哈利波特海格扮演者去世,@赤色黎明8658
#哈利波特海格扮演者去世,@Cor-Universe
#哈利波特海格扮演者去世,@nhnh0535
@nhnh0535,@Jade28_LJ
@Jade28_LJ,@大漠孤烟8989
#哈利波特海格扮演者去世,@魔幻艺术大观
@魔幻艺术大观,@股海东方不败
#哈利波特海格扮演者去世,@烟波江上使人愁999
#哈利波特海格扮演者去世,@气泡酒冰7s
#哈利波特海格扮演者去世,@我在有求必应屋种香菜
@我在有求必应屋种香菜,@人类幻觉体验师
@人类幻觉体验师,@凛冬将至万物歇
#哈利波特海格扮演者去世,@江戶川-WMAG
#哈利波特海格扮演者去世,@魔幻艺术大观
@魔幻艺术大观,@广州城堡堡主
@广州城堡堡主,@廣州巡城馬1
@廣州巡城馬1,@迟夙生律师
@迟夙生律师,@独爱松华之韵0716
#哈利波特海格扮演者去世,@whoisSShiRley
#哈利波特海格扮演者去世,@五右二分之一
#哈利波特海格扮演者去世,@丑娃阿轩
@丑娃阿轩,@Gallifrey_遺
#哈利波特海格扮演者去世,@魔幻艺术大观
@魔幻艺术大观,@广州城堡堡主
@广州城堡堡主,@Ng2022
#哈利波特海格扮演者去世,@东瓯土财主
@东瓯土财主,@爱在有情天yyy
#哈利波特海格扮演者去世,@请叫我雷锋_ei
#哈利波特海格扮演者去世,@广州城堡堡主
@广州城堡堡主,@東山口大只講_JK
#哈利波特海格扮演者去世,@魔幻艺术大观
@魔幻艺术大观,@广州城堡堡主
@广州城堡堡主,@廣州巡城馬1
@廣州巡城馬1,@迟夙生律师
@迟夙生律师,@爱在有情天yyy
#哈利波特海格扮演者去世,@广州城堡堡主
@广州城堡堡主,@廣州巡城馬1
@廣州巡城馬1,@崇德大君
#哈利波特海格扮演者去世,@Rolym
#哈利波特海格扮演者去世,@LahjaA_
@LahjaA_,@寻我于枯鱼之肆
@寻我于枯鱼之肆,@叶生光_
#哈利波特海格扮演者去世,@魔幻艺术大观
@魔幻艺术大观,@广州城堡堡主
@广州城堡堡主,@廣州巡城馬1
@廣州巡城馬1,@崇德大君
#哈利波特海格扮演者去世,@魔幻艺术大观
@魔幻艺术大观,@广州城堡堡主
@广州城堡堡主,@卍洳涞卍
#哈利波特海格扮演者去世,@乐鱼188
#哈利波特海格扮演者去世,@专注眼邪2
#哈利波特海格扮演者去世,@霍格沃兹P法师
@霍格沃兹P法师,@下划线你好呀___
#哈利波特海格扮演者去世,@李英俊律师
#哈利波特海格扮演者去世,@我在有求必应屋种香菜
@我在有求必应屋种香菜,@人类幻觉体验师
@人类幻觉体验师,@密涅瓦的猫头鹰0-0
#哈利波特海格扮演者去世,@照长央
#哈利波特海格扮演者去世,@baiyacky
@baiyacky,@-Ficciones-
#哈利波特海格扮演者去世,@ouyangjing212
#哈利波特海格扮演者去世,@中国快乐乔
#哈利波特海格扮演者去世,@魔幻艺术大观
@魔幻艺术大观,@广州城堡堡主
@广州城堡堡主,@廣州巡城馬1
@廣州巡城馬1,@迟夙生律师
@迟夙生律师,@马随
#哈利波特海格扮演者去世,@魔幻艺术大观
@魔幻艺术大观,@广州城堡堡主
@广州城堡堡主,@廣州巡城馬1
@廣州巡城馬1,@迟夙生律师
@迟夙生律师,@大虫读书娱乐
#哈利波特海格扮演者去世,@魔幻艺术大观
@魔幻艺术大观,@广州城堡堡主
@广州城堡堡主,@廣州巡城馬1
@廣州巡城馬1,@迟夙生律师
#哈利波特海格扮演者去世,@LahjaA_
@LahjaA_,@寻我于枯鱼之肆
@寻我于枯鱼之肆,@林溪主人
#哈利波特海格扮演者去世,@LahjaA_
@LahjaA_,@寻我于枯鱼之肆
#哈利波特海格扮演者去世,@魔幻艺术大观
@魔幻艺术大观,@广州城堡堡主
@广州城堡堡主,@游鱼忘水水自流
#哈利波特海格扮演者去世,@魔幻艺术大观
@魔幻艺术大观,@广州城堡堡主
@广州城堡堡主,@廣州巡城馬1
#哈利波特海格扮演者去世,@chnly2666
#哈利波特海格扮演者去世,@魔幻艺术大观
@魔幻艺术大观,@广州城堡堡主
@广州城堡堡主,@Ahhbon_Lo
#哈利波特海格扮演者去世,@cuzideserveit
#哈利波特海格扮演者去世,@坏人全部都是人渣原地爆炸
@坏人全部都是人渣原地爆炸,@公益人黄炳权
#哈利波特海格扮演者去世,@魔幻艺术大观
@魔幻艺术大观,@风吹啤酒沫
@风吹啤酒沫,@不知先生一转
#哈利波特海格扮演者去世,@绝地武士OB王
#哈利波特海格扮演者去世,@魔幻艺术大观
@魔幻艺术大观,@风吹啤酒沫
#哈利波特海格扮演者去世,@铿锵98
#哈利波特海格扮演者去世,@restless_heart_Sherine
#哈利波特海格扮演者去世,@魔幻艺术大观
@魔幻艺术大观,@广州城堡堡主
@广州城堡堡主,@1984降临
#哈利波特海格扮演者去世,@情绪废纸篓摆放中
@情绪废纸篓摆放中,@在边城呐喊
@在边城呐喊,@澹砚
#哈利波特海格扮演者去世,@榆四脉绵蚜
@榆四脉绵蚜,@赛亿哈
#哈利波特海格扮演者去世,@霍格沃兹P法师
@霍格沃兹P法师,@少年张大石
#哈利波特海格扮演者去世,@夙心织梦
#哈利波特海格扮演者去世,@双层火腿扒麦满分-
#哈利波特海格扮演者去世,@花木达康
#哈利波特海格扮演者去世,@西岭茶茶
#哈利波特海格扮演者去世,@喂我是余兰达可儿啊
#哈利波特海格扮演者去世,@霍格沃兹P法师
@霍格沃兹P法师,@bokeqinn
#哈利波特海格扮演者去世,@Linc折腾中
#哈利波特海格扮演者去世,@nhnh0535
@nhnh0535,@Jade28_LJ
#哈利波特海格扮演者去世,@ARoamingVaccaria
#哈利波特海格扮演者去世,@宇宙中de一粒尘_
@宇宙中de一粒尘_,@idAll-
#哈利波特海格扮演者去世,@看天地之间处处有爱
#哈利波特海格扮演者去世,@我的妈妈是一座花园
#哈利波特海格扮演者去世,@Tingle今年要发文
#哈利波特海格扮演者去世,@劳东燕2004  作为清华大学的教授，也应该思考一下为什么近段时间极端事件频频发生吧？有没有避免的有效方式？
@劳东燕2004  作为清华大学的教授，也应该思考一下为什么近段时间极端事件频频发生吧？有没有避免的有效方式？,@雪禅居士
#哈利波特海格扮演者去世,@魔幻艺术大观
@魔幻艺术大观,@广州城堡堡主
@广州城堡堡主,@vww龙眼西瓜冰
@vww龙眼西瓜冰,@小洲道茶二楼主
#哈利波特海格扮演者去世,@明天----今天----昨天
@明天----今天----昨天,@夸ovo夸
#哈利波特海格扮演者去世,@次边缘地带
#哈利波特海格扮演者去世,@魔幻艺术大观
@魔幻艺术大观,@广州城堡堡主
@广州城堡堡主,@当然是木刀厉害
#哈利波特海格扮演者去世,@魔幻艺术大观
@魔幻艺术大观,@广州城堡堡主
@广州城堡堡主,@vww龙眼西瓜冰
#哈利波特海格扮演者去世,@Elaine冲冲冲冲冲
#哈利波特海格扮演者去世,@jingging007
#哈利波特海格扮演者去世,@圆虚道长
#哈利波特海格扮演者去世,@楚汉浦江紫金山
@楚汉浦江紫金山,@潮汕手打牛筋丸
@潮汕手打牛筋丸,@独角兽降落钢筋丛林
#哈利波特海格扮演者去世,@霍格沃兹P法师
@霍格沃兹P法师,@i82NLF
#哈利波特海格扮演者去世,@我在有求必应屋种香菜
@我在有求必应屋种香菜,@KORYILI
@KORYILI,@古天淋明
#哈利波特海格扮演者去世,@青鸟_201604
#哈利波特海格扮演者去世,@魔幻艺术大观
@魔幻艺术大观,@广州城堡堡主
#哈利波特海格扮演者去世,@X年年有余x
#哈利波特海格扮演者去世,@是海星耶
#哈利波特海格扮演者去世,@孙毅法务
#哈利波特海格扮演者去世,@TerenceZheng
#哈利波特海格扮演者去世,@在你来之前说了再见
#哈利波特海格扮演者去世,@柒日redsun
#哈利波特海格扮演者去世,@霍格沃兹P法师
@霍格沃兹P法师,@用户7903824443
#哈利波特海格扮演者去世,@榆四脉绵蚜
@榆四脉绵蚜,@Sunset_sweets
#哈利波特海格扮演者去世,@哦不哦咯哦
#哈利波特海格扮演者去世,@魔幻艺术大观
@魔幻艺术大观,@丁广叽
#哈利波特海格扮演者去世,@_藤井树下好乘凉_
#哈利波特海格扮演者去世,@李爱军律师
#哈利波特海格扮演者去世,@霍格沃兹P法师
@霍格沃兹P法师,@某日周三
#哈利波特海格扮演者去世,@铲屎官huang
#哈利波特海格扮演者去世,@丑娃阿轩
@丑娃阿轩,@秋草的季风
#哈利波特海格扮演者去世,@我在有求必应屋种香菜
@我在有求必应屋种香菜,@人类幻觉体验师
@人类幻觉体验师,@lotuszz
#哈利波特海格扮演者去世,@做出版的老俞
#哈利波特海格扮演者去世,@魔幻艺术大观
@魔幻艺术大观,@otoMeno妄想
#哈利波特海格扮演者去世,@丑娃阿轩
#哈利波特海格扮演者去世,@面向大海春暖花开_28347
#哈利波特海格扮演者去世,@霍格沃兹P法师
@霍格沃兹P法师,@Jawieee
#哈利波特海格扮演者去世,@霍格沃兹P法师
@霍格沃兹P法师,@妞妞huiguniang
#哈利波特海格扮演者去世,@魔幻艺术大观
#哈利波特海格扮演者去世,@塞黎伏蚋
#哈利波特海格扮演者去世,@是何富贵
#哈利波特海格扮演者去世,@诺尔投资
#哈利波特海格扮演者去世,@幸福闪电8888
#哈利波特海格扮演者去世,@高原原原ing
#哈利波特海格扮演者去世,@zhaijingyong88
@zhaijingyong88,@用户7637960363
@用户7637960363,@zhaijingyong88
#哈利波特海格扮演者去世,@我相信你也可以
#哈利波特海格扮演者去世,@巴山夜雨rain-
#哈利波特海格扮演者去世,@李旻然2022
@李旻然2022,@真江-
#哈利波特海格扮演者去世,@mon_wang
#哈利波特海格扮演者去世,@努力做一个甜妹
#哈利波特海格扮演者去世,@努力游水_MN
#哈利波特海格扮演者去世,@情绪废纸篓摆放中
@情绪废纸篓摆放中,@在边城呐喊
#哈利波特海格扮演者去世,@第47条
#哈利波特海格扮演者去世,@吾国吾民8吾父吾母
#哈利波特海格扮演者去世,@上海滩1028
#哈利波特海格扮演者去世,@MacMac198603
#哈利波特海格扮演者去世,@恋恋此光阴
#哈利波特海格扮演者去世,@千禾言言
@千禾言言,@寻梦斋纪事
#哈利波特海格扮演者去世,@红律-专注行政诉讼
#哈利波特海格扮演者去世,@金佛尔
#哈利波特海格扮演者去世,@MacMac198603
#哈利波特海格扮演者去世,@rum不加酒心巧克力
@rum不加酒心巧克力,@你把我当傻瓜吗
@你把我当傻瓜吗,@我都鳕鱼球了你们让让我
#哈利波特海格扮演者去世,@MacMac198603
#哈利波特海格扮演者去世,@rum不加酒心巧克力
@rum不加酒心巧克力,@你把我当傻瓜吗
@你把我当傻瓜吗,@嘎你耳朵
#哈利波特海格扮演者去世,@谁是米钕
#哈利波特海格扮演者去世,@你是我的眼1984
#哈利波特海格扮演者去世,@茶马司
@茶马司,@茶马司
#哈利波特海格扮演者去世,@茶马司
#哈利波特海格扮演者去世,@霍格沃兹P法师
@霍格沃兹P法师,@沱沱浪人
#哈利波特海格扮演者去世,@王洪波
#哈利波特海格扮演者去世,@NK0407
#哈利波特海格扮演者去世,@胡家小韦
#哈利波特海格扮演者去世,@Hjkshhj
#哈利波特海格扮演者去世,@我在有求必应屋种香菜
@我在有求必应屋种香菜,@人类幻觉体验师
@人类幻觉体验师,@用户7767795799
#哈利波特海格扮演者去世,@麦子和面包
#哈利波特海格扮演者去世,@人怎樣靠做夢活下去
#哈利波特海格扮演者去世,@海德文_
#哈利波特海格扮演者去世,@霍格沃兹P法师
@霍格沃兹P法师,@_超人蓝也忧郁
#哈利波特海格扮演者去世,@李勛阳
#哈利波特海格扮演者去世,@榆四脉绵蚜
@榆四脉绵蚜,@时事可以说吗
#哈利波特海格扮演者去世,@猫猫侠本页
@猫猫侠本页,@Babobibobi
@Babobibobi,@Rrotlt_
#哈利波特海格扮演者去世,@霍格沃兹P法师
@霍格沃兹P法师,@1开着的门
@1开着的门,@GhostNoHeart
#哈利波特海格扮演者去世,@猫猫侠本页
@猫猫侠本页,@热心市民伯先生
@热心市民伯先生,@醉眼万斗烟霞2333
#哈利波特海格扮演者去世,@拳事杂谈
#哈利波特海格扮演者去世,@PyroLolm
#哈利波特海格扮演者去世,@废物爻爻
#哈利波特海格扮演者去世,@榆四脉绵蚜
@榆四脉绵蚜,@Michael-201411
#哈利波特海格扮演者去世,@听见鸟群筑巢的声音
#哈利波特海格扮演者去世,@f22f47
#哈利波特海格扮演者去世,@深圳楼市导航资产管理
#哈利波特海格扮演者去世,@土豆削皮711
#哈利波特海格扮演者去世,@Hoa0821
#哈利波特海格扮演者去世,@爱好法律人
#哈利波特海格扮演者去世,@涛涛涛爱吃干脆面
#哈利波特海格扮演者去世,@我在有求必应屋种香菜
@我在有求必应屋种香菜,@人类幻觉体验师
@人类幻觉体验师,@侧链压缩
#哈利波特海格扮演者去世,@苏明飞说法
#哈利波特海格扮演者去世,@有常识的东哥
#哈利波特海格扮演者去世,@快乐期货8888
#哈利波特海格扮演者去世,@霍格沃兹P法师
@霍格沃兹P法师,@真心觉得人类都很讨厌
#哈利波特海格扮演者去世,@儒家公羊学
@儒家公羊学,@-存虛守靜-
#哈利波特海格扮演者去世,@一只土曜日的水母
@一只土曜日的水母,@努力勇敢奋斗摸鱼的打工人
#哈利波特海格扮演者去世,@老沈影谈
#哈利波特海格扮演者去世,@霍格沃兹P法师
@霍格沃兹P法师,@1开着的门
#哈利波特海格扮演者去世,@用户7487823055
#哈利波特海格扮演者去世,@2manman5
#哈利波特海格扮演者去世,@静悟时光淡阅流年
#哈利波特海格扮演者去世,@贝塔的未来要发光
#哈利波特海格扮演者去世,@猫猫侠本页
@猫猫侠本页,@大爷铁
#哈利波特海格扮演者去世,@我在有求必应屋种香菜
@我在有求必应屋种香菜,@KORYILI
@KORYILI,@除了喜欢你什么也没有
#哈利波特海格扮演者去世,@-非负树-
#哈利波特海格扮演者去世,@霍格沃兹P法师
@霍格沃兹P法师,@fake_cat_
#哈利波特海格扮演者去世,@守护天使-angel
#哈利波特海格扮演者去世,@Yvonne_混邪杂食中
#哈利波特海格扮演者去世,@青松参天傲霜雪
#哈利波特海格扮演者去世,@猫猫侠本页
@猫猫侠本页,@Kafuuchino迦富宇血怒
#哈利波特海格扮演者去世,@重拾记
#哈利波特海格扮演者去世,@榆四脉绵蚜
@榆四脉绵蚜,@PhD_Luffy
@PhD_Luffy,@泪奔的白熊
#哈利波特海格扮演者去世,@Pisira
#哈利波特海格扮演者去世,@猫猫侠本页
@猫猫侠本页,@蛋定派
#哈利波特海格扮演者去世,@大妹沙
#哈利波特海格扮演者去世,@华衣若英过长安
#哈利波特海格扮演者去世,@趴在窗边看什么
#哈利波特海格扮演者去世,@駐驢
#哈利波特海格扮演者去世,@隐凤之龙
#哈利波特海格扮演者去世,@泊潦滋
#哈利波特海格扮演者去世,@绝对流量金南俊
#哈利波特海格扮演者去世,@明天----今天----昨天
@明天----今天----昨天,@听见你想说
#哈利波特海格扮演者去世,@嗜睡如归
#哈利波特海格扮演者去世,@膠東寄客
#哈利波特海格扮演者去世,@大梦VIP
#哈利波特海格扮演者去世,@pumpkinsluvsic
#哈利波特海格扮演者去世,@愤怒天使在达州1
#哈利波特海格扮演者去世,@2022-Earth007
#哈利波特海格扮演者去世,@兔酱丝控
#哈利波特海格扮演者去世,@哆啦A莹呀
#哈利波特海格扮演者去世,@头发圈儿长草
#哈利波特海格扮演者去世,@快乐学习的小布丁
#哈利波特海格扮演者去世,@李清川
@李清川,@门头沟山人
#哈利波特海格扮演者去世,@丫丫我们回家
#哈利波特海格扮演者去世,@温良爹
#哈利波特海格扮演者去世,@妥妥美人
#哈利波特海格扮演者去世,@崔钰判官
@崔钰判官,@易辰42712
#哈利波特海格扮演者去世,@走在路上的一颗艺术草
#哈利波特海格扮演者去世,@东瓯土财主
@东瓯土财主,@zql新的一年会更好
@zql新的一年会更好,@关于封浩斗罗转生的那些事
#哈利波特海格扮演者去世,@喝茶论道谈风月
@喝茶论道谈风月,@芳草碧连天之八
#哈利波特海格扮演者去世,@自行车和降落伞
#哈利波特海格扮演者去世,@霍格沃兹P法师
@霍格沃兹P法师,@佳气生朝夕
#哈利波特海格扮演者去世,@InTeenageRiot
#哈利波特海格扮演者去世,@路归浔
#哈利波特海格扮演者去世,@龙年吉祥1999
#哈利波特海格扮演者去世,@bamboo0070
#哈利波特海格扮演者去世,@明天----今天----昨天
@明天----今天----昨天,@被炸了不知道多少号
#哈利波特海格扮演者去世,@JuyArU-
#哈利波特海格扮演者去世,@RitakuArinomama
#哈利波特海格扮演者去世,@心滅道生
#哈利波特海格扮演者去世,@雪兔子Yukito
#哈利波特海格扮演者去世,@猫猫侠本页
@猫猫侠本页,@飞光-
@飞光-,@问道下士
#哈利波特海格扮演者去世,@百里千里万万亿亿
#哈利波特海格扮演者去世,@榆四脉绵蚜
@榆四脉绵蚜,@猛乐下山
@猛乐下山,@此乃蛮夷也
#哈利波特海格扮演者去世,@Shanry
#哈利波特海格扮演者去世,@红豆罐头--
@红豆罐头--,@jerrain1240
#哈利波特海格扮演者去世,@唯有落花无俗态
@唯有落花无俗态,@jerrain1240
#哈利波特海格扮演者去世,@明天----今天----昨天
@明天----今天----昨天,@jerrain1240
#哈利波特海格扮演者去世,@fantasy0025
@fantasy0025,@jerrain1240
#哈利波特海格扮演者去世,@_開椤
#哈利波特海格扮演者去世,@儒家公羊学
@儒家公羊学,@魔域烈焰
#哈利波特海格扮演者去世,@jerrain1240
#哈利波特海格扮演者去世,@jerrain1240
#哈利波特海格扮演者去世,@大可爱杨麻袋
#哈利波特海格扮演者去世,@张新杰_久章智能
#哈利波特海格扮演者去世,@臭豆腐酿鲱鱼
@臭豆腐酿鲱鱼,@剪辑手刘德华
@剪辑手刘德华,@东哥Thomas
#哈利波特海格扮演者去世,@向班长
@向班长,@木三九
#哈利波特海格扮演者去世,@给我o_O
#哈利波特海格扮演者去世,@想去吉大葛优躺
@想去吉大葛优躺,@用户7960228748
#哈利波特海格扮演者去世,@臭豆腐酿鲱鱼
@臭豆腐酿鲱鱼,@东哥Thomas
#哈利波特海格扮演者去世,@张律评论
#哈利波特海格扮演者去世,@崔钰判官
@崔钰判官,@逍遥飞花63642
#哈利波特海格扮演者去世,@-anomino-
#哈利波特海格扮演者去世,@榆四脉绵蚜
@榆四脉绵蚜,@两眼一闭就是睡两眼一睁就是吃
#哈利波特海格扮演者去世,@刘骜
#哈利波特海格扮演者去世,@榆四脉绵蚜
@榆四脉绵蚜,@赵小小小斑马
#哈利波特海格扮演者去世,@霍格沃兹P法师
@霍格沃兹P法师,@赵小小小斑马
#哈利波特海格扮演者去世,@东瓯土财主
@东瓯土财主,@桂义律师
@桂义律师,@蓝zi的微博
#哈利波特海格扮演者去世,@青青子衿颖
#哈利波特海格扮演者去世,@向班长
@向班长,@行至远心至静
#哈利波特海格扮演者去世,@杰出香菜爱好者
#哈利波特海格扮演者去世,@霍格沃兹P法师
@霍格沃兹P法师,@霍格沃兹P法师
@霍格沃兹P法师,@独欢大理
#哈利波特海格扮演者去世,@猫猫侠本页
@猫猫侠本页,@芝士课代表
#哈利波特海格扮演者去世,@一颗土豆星星
#哈利波特海格扮演者去世,@奚正仁的小屋
@奚正仁的小屋,@北京泽博王兴
@北京泽博王兴,@吉林四平邹清海冤案
#哈利波特海格扮演者去世,@请小看我l
#哈利波特海格扮演者去世,@榆四脉绵蚜
@榆四脉绵蚜,@共同富裕委婉电波在数星星
#哈利波特海格扮演者去世,@霍格沃兹P法师
@霍格沃兹P法师,@用户7859991886
#哈利波特海格扮演者去世,@霍格沃兹P法师
@霍格沃兹P法师,@比格型阿狼美美读书2024
@比格型阿狼美美读书2024,@雪烧枯山
#哈利波特海格扮演者去世,@子虚国的玫瑰
#哈利波特海格扮演者去世,@白日梦患者tt
#哈利波特海格扮演者去世,@猫猫侠本页
@猫猫侠本页,@社交牛马人
#哈利波特海格扮演者去世,@竹深村路远
#哈利波特海格扮演者去世,@版纳-钟国
#哈利波特海格扮演者去世,@炭翁论剑
#哈利波特海格扮演者去世,@版纳-钟国
#哈利波特海格扮演者去世,@霍格沃兹P法师
@霍格沃兹P法师,@比格型阿狼美美读书2024
#哈利波特海格扮演者去世,@版纳-钟国
#哈利波特海格扮演者去世,@王阿姨AuntieWang
#哈利波特海格扮演者去世,@杨柳风艺文空间
@杨柳风艺文空间,@居茶a
#哈利波特海格扮演者去世,@mazhdncg
#哈利波特海格扮演者去世,@东昌府摆渡人
#哈利波特海格扮演者去世,@紧急出逃地球
#哈利波特海格扮演者去世,@用户7556175269
#哈利波特海格扮演者去世,@情绪废纸篓摆放中
@情绪废纸篓摆放中,@战斗佛系少女鹿小李
#哈利波特海格扮演者去世,@寓诸无竟05
#哈利波特海格扮演者去世,@榆四脉绵蚜
@榆四脉绵蚜,@冉悦笙
#哈利波特海格扮演者去世,@777777777q_69390
#哈利波特海格扮演者去世,@臭豆腐酿鲱鱼
@臭豆腐酿鲱鱼,@青海湖西岸
#哈利波特海格扮演者去世,@我在有求必应屋种香菜
@我在有求必应屋种香菜,@KORYILI
@KORYILI,@屺南葬
#哈利波特海格扮演者去世,@Rita的番薯红了
#哈利波特海格扮演者去世,@明天----今天----昨天
@明天----今天----昨天,@Irismoa-
#哈利波特海格扮演者去世,@不吃香菜的绿林好汉
#哈利波特海格扮演者去世,@霍格沃兹P法师
@霍格沃兹P法师,@米球呐
#哈利波特海格扮演者去世,@猫罐头与六便士13
#哈利波特海格扮演者去世,@岭湖葱
#哈利波特海格扮演者去世,@东瓯土财主
@东瓯土财主,@Pickle_abi
#哈利波特海格扮演者去世,@我在有求必应屋种香菜
@我在有求必应屋种香菜,@人类幻觉体验师
@人类幻觉体验师,@是祖拉呀
#哈利波特海格扮演者去世,@向班长
@向班长,@龙14243
#哈利波特海格扮演者去世,@重生之行路迢迢
@重生之行路迢迢,@评论YouTube
#哈利波特海格扮演者去世,@用户7911756226
#哈利波特海格扮演者去世,@鱼村小番茄
#哈利波特海格扮演者去世,@南山杰伦
#哈利波特海格扮演者去世,@喂停疡
#哈利波特海格扮演者去世,@人走茶凉7938
#哈利波特海格扮演者去世,@知因果鸭
#哈利波特海格扮演者去世,@fantasy0025
@fantasy0025,@一杯奶绿五分甜
@一杯奶绿五分甜,@九号飞行员
#哈利波特海格扮演者去世,@小宝和旺仔的快乐生活
#哈利波特海格扮演者去世,@DouBle不是逗逼
#哈利波特海格扮演者去世,@量化-违反证券法操纵股价了吗
#哈利波特海格扮演者去世,@明天----今天----昨天
@明天----今天----昨天,@Rrrrray_orz
@Rrrrray_orz,@弗届_
#哈利波特海格扮演者去世,@我在有求必应屋种香菜
@我在有求必应屋种香菜,@KORYILI
@KORYILI,@查猹渣tbkkkk
#哈利波特海格扮演者去世,@大帝198201
#哈利波特海格扮演者去世,@霍格沃兹P法师
@霍格沃兹P法师,@请称呼我螺丝小姐
#哈利波特海格扮演者去世,@奥格驻暴风办科员
@奥格驻暴风办科员,@徐州第一腕豪
#哈利波特海格扮演者去世,@臭豆腐酿鲱鱼
@臭豆腐酿鲱鱼,@徐州第一腕豪
#哈利波特海格扮演者去世,@渡可渡的人
@渡可渡的人,@新间联插
#哈利波特海格扮演者去世,@猫猫侠本页
@猫猫侠本页,@我向企图救世者许愿
@我向企图救世者许愿,@我向企图救世者许愿
@我向企图救世者许愿,@我向企图救世者许愿
@我向企图救世者许愿,@我向企图救世者许愿
#哈利波特海格扮演者去世,@猫猫侠本页
@猫猫侠本页,@我向企图救世者许愿
@我向企图救世者许愿,@我向企图救世者许愿
@我向企图救世者许愿,@我向企图救世者许愿
#哈利波特海格扮演者去世,@猫猫侠本页
@猫猫侠本页,@我向企图救世者许愿
@我向企图救世者许愿,@我向企图救世者许愿
#哈利波特海格扮演者去世,@猫猫侠本页
@猫猫侠本页,@我向企图救世者许愿
#哈利波特海格扮演者去世,@第五星空
#哈利波特海格扮演者去世,@短线72变
@短线72变,@苇潇潇
#哈利波特海格扮演者去世,@风敲石榴
#哈利波特海格扮演者去世,@子羽的言语
#哈利波特海格扮演者去世,@泽汇2022
#哈利波特海格扮演者去世,@木狐灯花
#哈利波特海格扮演者去世,@zmwkshw
#哈利波特海格扮演者去世,@托马斯小金
#哈利波特海格扮演者去世,@LJ好好爱自己
#哈利波特海格扮演者去世,@笑千秋V
#哈利波特海格扮演者去世,@臭豆腐酿鲱鱼
@臭豆腐酿鲱鱼,@弓长张文斌
#哈利波特海格扮演者去世,@臭豆腐酿鲱鱼
#哈利波特海格扮演者去世,@浑身筋骨肉
#哈利波特海格扮演者去世,@格思Nicole
#哈利波特海格扮演者去世,@奶老板
@奶老板,@女巫的扫把送修中
#哈利波特海格扮演者去世,@短线72变
#哈利波特海格扮演者去世,@Aa澳洲Link
#哈利波特海格扮演者去世,@Tomography007
#哈利波特海格扮演者去世,@岁月向前向前
#哈利波特海格扮演者去世,@飞翔的小胖孩
#哈利波特海格扮演者去世,@Julyerist
#哈利波特海格扮演者去世,@777777777q_69390
#哈利波特海格扮演者去世,@边缘飘泊
#哈利波特海格扮演者去世,@躺着吸狐的老鱼干
#哈利波特海格扮演者去世,@慎思之笃行之_
#哈利波特海格扮演者去世,@我是你die迪
#哈利波特海格扮演者去世,@听声音202104
#哈利波特海格扮演者去世,@水木之痕
#哈利波特海格扮演者去世,@有钱了就改名字peace
#哈利波特海格扮演者去世,@榆四脉绵蚜
@榆四脉绵蚜,@草莓一朵朵ING
#哈利波特海格扮演者去世,@猫猫侠本页
@猫猫侠本页,@咖啡加奶更好喝
#哈利波特海格扮演者去世,@东文远007
#哈利波特海格扮演者去世,@小僧是个浪人
#哈利波特海格扮演者去世,@如水青云
@如水青云,@高达厉害
#哈利波特海格扮演者去世,@向班长
@向班长,@必胜号角
#哈利波特海格扮演者去世,@美哉8760
#哈利波特海格扮演者去世,@城市的农人
@城市的农人,@阳光雨露和玫瑰
#哈利波特海格扮演者去世,@猫猫侠本页
@猫猫侠本页,@阳光雨露和玫瑰
#哈利波特海格扮演者去世,@明天----今天----昨天
@明天----今天----昨天,@忘言得意
#哈利波特海格扮演者去世,@我在有求必应屋种香菜
@我在有求必应屋种香菜,@風林火山非傳說
@風林火山非傳說,@斗笠弯刀
#哈利波特海格扮演者去世,@應門將將03
#哈利波特海格扮演者去世,@猫猫侠本页
@猫猫侠本页,@期待环游世界的默默
#哈利波特海格扮演者去世,@明天----今天----昨天
@明天----今天----昨天,@Rrrrray_orz
@Rrrrray_orz,@期待环游世界的默默
#哈利波特海格扮演者去世,@Crypto狂禪
#哈利波特海格扮演者去世,@鱼米三千块
#哈利波特海格扮演者去世,@米斯特雷锦德Y22
#哈利波特海格扮演者去世,@用户7559486010
#哈利波特海格扮演者去世,@专门看厨子
#哈利波特海格扮演者去世,@榆四脉绵蚜
@榆四脉绵蚜,@规律作息2023
@规律作息2023,@袜后跟
#哈利波特海格扮演者去世,@榆四脉绵蚜
@榆四脉绵蚜,@袜后跟
#哈利波特海格扮演者去世,@东星时空2020
#哈利波特海格扮演者去世,@用户7160083771
#哈利波特海格扮演者去世,@zhaijingyong88
@zhaijingyong88,@Penziqiang
#哈利波特海格扮演者去世,@一千缘起
#哈利波特海格扮演者去世,@用户7863461180
#哈利波特海格扮演者去世,@喝茶论道谈风月
#哈利波特海格扮演者去世,@冬喵的口罩
#哈利波特海格扮演者去世,@裸眼看天下
#哈利波特海格扮演者去世,@请叫我赛门猪
#哈利波特海格扮演者去世,@东瓯土财主
@东瓯土财主,@桂义律师
@桂义律师,@桂义Iawyer
#哈利波特海格扮演者去世,@咖啡加奶更好喝
#哈利波特海格扮演者去世,@鱼肠剑逍遥心
#哈利波特海格扮演者去世,@老罗碎碎念
#哈利波特海格扮演者去世,@捕蝇草XD
#哈利波特海格扮演者去世,@laozheng159
#哈利波特海格扮演者去世,@唯有落花无俗态
@唯有落花无俗态,@木盒饭
#哈利波特海格扮演者去世,@五十六之一
#哈利波特海格扮演者去世,@Xxmidnights
#哈利波特海格扮演者去世,@唯有落花无俗态
@唯有落花无俗态,@蔚蔚辽辽
#哈利波特海格扮演者去世,@打铁小榔头04
#哈利波特海格扮演者去世,@用户7835427416
#哈利波特海格扮演者去世,@用户5712558866
@用户5712558866,@故园浙里
#哈利波特海格扮演者去世,@Fearless_羽
#哈利波特海格扮演者去世,@lionuit
#哈利波特海格扮演者去世,@我係蘇西啊
#哈利波特海格扮演者去世,@编辑俊杰
#哈利波特海格扮演者去世,@FrankZhuSh
#哈利波特海格扮演者去世,@霍格沃兹P法师
@霍格沃兹P法师,@叶安逸
#哈利波特海格扮演者去世,@明天----今天----昨天
@明天----今天----昨天,@东山漫谈
#哈利波特海格扮演者去世,@明天----今天----昨天
@明天----今天----昨天,@节奏刀
#哈利波特海格扮演者去世,@zhaijingyong88
@zhaijingyong88,@用户1922161700
#哈利波特海格扮演者去世,@谈判专家潘黎
#哈利波特海格扮演者去世,@秋之生命1234
#哈利波特海格扮演者去世,@奶老板
@奶老板,@赤羽信之介
#哈利波特海格扮演者去世,@C_K_Serve
#哈利波特海格扮演者去世,@小叙咩咩
#哈利波特海格扮演者去世,@zhaijingyong88
@zhaijingyong88,@HappySteven168
#哈利波特海格扮演者去世,@清水荷露
#哈利波特海格扮演者去世,@霍格沃兹P法师
@霍格沃兹P法师,@烧了开的白水河
#哈利波特海格扮演者去世,@zhaijingyong88
#哈利波特海格扮演者去世,@原来_是鱼
#哈利波特海格扮演者去世,@画画的何奇锦-hqj
#哈利波特海格扮演者去世,@_5uull_
#哈利波特海格扮演者去世,@明月201927
#哈利波特海格扮演者去世,@北极新船
#哈利波特海格扮演者去世,@苏一一州
#哈利波特海格扮演者去世,@安徽保姆
#哈利波特海格扮演者去世,@摩托1991
#哈利波特海格扮演者去世,@原味豆浆7563
#哈利波特海格扮演者去世,@东瓯土财主
@东瓯土财主,@桂义律师
#哈利波特海格扮演者去世,@紫藤鹦鹉_257
#哈利波特海格扮演者去世,@椰子獭
#哈利波特海格扮演者去世,@我就是最棒的roVing培养皿ya
#哈利波特海格扮演者去世,@追随我心1802
#哈利波特海格扮演者去世,@用户7564157449
#哈利波特海格扮演者去世,@梦中王子99
#哈利波特海格扮演者去世,@Yixuan_zhao
#哈利波特海格扮演者去世,@普罗一员
#哈利波特海格扮演者去世,@栽松邀风2023
#哈利波特海格扮演者去世,@雪牙金爪_爪姐
#哈利波特海格扮演者去世,@Sterilised
#哈利波特海格扮演者去世,@向班长
@向班长,@jfmjzl
#哈利波特海格扮演者去世,@用户6029157015
#哈利波特海格扮演者去世,@Breeze留
#哈利波特海格扮演者去世,@Tom快乐
#哈利波特海格扮演者去世,@阿远的喵
#哈利波特海格扮演者去世,@Celestial_Ye
#哈利波特海格扮演者去世,@谢谢你已难逃一吸
#哈利波特海格扮演者去世,@Croissaku
#哈利波特海格扮演者去世,@猫猫侠本页
@猫猫侠本页,@了不起的呵呵哒
#哈利波特海格扮演者去世,@霍格沃兹P法师
@霍格沃兹P法师,@了不起的呵呵哒
#哈利波特海格扮演者去世,@CiCi小S
#哈利波特海格扮演者去世,@胖头鱼35615
#哈利波特海格扮演者去世,@涡阳追光者
#哈利波特海格扮演者去世,@明天----今天----昨天
@明天----今天----昨天,@港式冻柠茶ye
#哈利波特海格扮演者去世,@榆四脉绵蚜
@榆四脉绵蚜,@_vorexweins
#哈利波特海格扮演者去世,@啊佳佳佳佳佳佳佳佳
#哈利波特海格扮演者去世,@Poseidons_cascade
#哈利波特海格扮演者去世,@墨_KTD
#哈利波特海格扮演者去世,@和弦语言-李晓虹
#哈利波特海格扮演者去世,@不是很爱大几把
#哈利波特海格扮演者去世,@唯有落花无俗态
@唯有落花无俗态,@zengyiexc3
@zengyiexc3,@刷个手机还得取昵称
#哈利波特海格扮演者去世,@老抽生疼了
#哈利波特海格扮演者去世,@老老师哈
#哈利波特海格扮演者去世,@今日有禧
#哈利波特海格扮演者去世,@向惠Sakura-
#哈利波特海格扮演者去世,@刷个手机还得取昵称
#哈利波特海格扮演者去世,@明天----今天----昨天
@明天----今天----昨天,@刷个手机还得取昵称
#哈利波特海格扮演者去世,@howingjan_
#哈利波特海格扮演者去世,@Y9Y-_-
#哈利波特海格扮演者去世,@会不机有886
#哈利波特海格扮演者去世,@倔强不屈的如来荷2018
#哈利波特海格扮演者去世,@孙悟空到底有几个女妖女朋友
#哈利波特海格扮演者去世,@东瓯土财主
@东瓯土财主,@Sheeran
@Sheeran,@巧克栗子柿饼
#哈利波特海格扮演者去世,@仰慕上塘路
@仰慕上塘路,@Zheng12_
#哈利波特海格扮演者去世,@zengyiexc3
@zengyiexc3,@圣诞夜后blue_moon
#哈利波特海格扮演者去世,@游神采风
@游神采风,@theL-
#哈利波特海格扮演者去世,@Avenir_radieux00
#哈利波特海格扮演者去世,@淡颜收藏家
#哈利波特海格扮演者去世,@大沢花卷_
#哈利波特海格扮演者去世,@表参道潮人
#哈利波特海格扮演者去世,@Rocky_Science
#哈利波特海格扮演者去世,@栗子cell
#哈利波特海格扮演者去世,@我在有求必应屋种香菜
@我在有求必应屋种香菜,@人类幻觉体验师
@人类幻觉体验师,@molita_mo
#哈利波特海格扮演者去世,@霍格沃兹P法师
@霍格沃兹P法师,@小古今天不在家
#哈利波特海格扮演者去世,@鸽羣
#哈利波特海格扮演者去世,@霍格沃兹P法师
@霍格沃兹P法师,@追风少年Ribery
#哈利波特海格扮演者去世,@笑瞰人生天字号
#哈利波特海格扮演者去世,@仰慕上塘路
@仰慕上塘路,@水润小皮颜
@水润小皮颜,@小葱白菜987
#哈利波特海格扮演者去世,@zengyiexc3
#哈利波特海格扮演者去世,@红豆罐头--
@红豆罐头--,@Esutasyyyy
#哈利波特海格扮演者去世,@仰慕上塘路
@仰慕上塘路,@水润小皮颜
#哈利波特海格扮演者去世,@明天----今天----昨天
@明天----今天----昨天,@橙子味的石榴12
#哈利波特海格扮演者去世,@儒家公羊学
#哈利波特海格扮演者去世,@仰慕上塘路
@仰慕上塘路,@暮光歌姬阿卡丽
#哈利波特海格扮演者去世,@觉不够睡鸭
#哈利波特海格扮演者去世,@aiUuu24
#哈利波特海格扮演者去世,@续哥解读
#哈利波特海格扮演者去世,@霍格沃兹P法师
@霍格沃兹P法师,@霍格沃兹P法师
@霍格沃兹P法师,@Disco_Sekiro
#哈利波特海格扮演者去世,@加密冰糖橙
#哈利波特海格扮演者去世,@rum不加酒心巧克力
@rum不加酒心巧克力,@你把我当傻瓜吗
@你把我当傻瓜吗,@我只是不想理人空间
#哈利波特海格扮演者去世,@神奇_Lemon
#哈利波特海格扮演者去世,@ini_in
#哈利波特海格扮演者去世,@688FA_
#哈利波特海格扮演者去世,@远方的远方SU
#哈利波特海格扮演者去世,@梁打滚
#哈利波特海格扮演者去世,@东瓯土财主
@东瓯土财主,@Sheeran
@Sheeran,@李儿北
#哈利波特海格扮演者去世,@霍格沃兹P法师
@霍格沃兹P法师,@MiyukiG
#哈利波特海格扮演者去世,@游神采风
#哈利波特海格扮演者去世,@OctopusA_2023
#哈利波特海格扮演者去世,@苔蚀岁远
#哈利波特海格扮演者去世,@仰慕上塘路
@仰慕上塘路,@北大法律人29037
#哈利波特海格扮演者去世,@霍格沃兹P法师
@霍格沃兹P法师,@白昼梦游指南069
#哈利波特海格扮演者去世,@如水青云
@如水青云,@lunyuxiantan
#哈利波特海格扮演者去世,@红豆罐头--
@红豆罐头--,@刀峰意志rkw
#哈利波特海格扮演者去世,@Macroer
#哈利波特海格扮演者去世,@偶哩打摆子
#哈利波特海格扮演者去世,@北冥有鱼cs
#哈利波特海格扮演者去世,@用户5937299920
#哈利波特海格扮演者去世,@霍格沃兹P法师
@霍格沃兹P法师,@九龍公園泳池貴婦
#哈利波特海格扮演者去世,@霍格沃兹P法师
@霍格沃兹P法师,@顷刻间电闪雷鸣
#哈利波特海格扮演者去世,@稳态生产者
#哈利波特海格扮演者去世,@幻想世界无法连接
#哈利波特海格扮演者去世,@一只土曜日的水母
#哈利波特海格扮演者去世,@乐鱼188
#哈利波特海格扮演者去世,@雾都十九
#哈利波特海格扮演者去世,@通论比龙国
#哈利波特海格扮演者去世,@沃夫昂
#哈利波特海格扮演者去世,@2ya咿呀哇
#哈利波特海格扮演者去世,@尼斯湖水怪想吃摇摇薯条
#哈利波特海格扮演者去世,@彩蔷薇_
@彩蔷薇_,@不知道不清楚说得好
#哈利波特海格扮演者去世,@用户7489182089
#哈利波特海格扮演者去世,@在山观止
#哈利波特海格扮演者去世,@我在有求必应屋种香菜
@我在有求必应屋种香菜,@人类幻觉体验师
@人类幻觉体验师,@电影院楼板
#哈利波特海格扮演者去世,@NeverRarelySometimesAlways2024
#哈利波特海格扮演者去世,@算薯片
#哈利波特海格扮演者去世,@不水不舒服斯基
#哈利波特海格扮演者去世,@野花微香_
#哈利波特海格扮演者去世,@徜徉海岸
#哈利波特海格扮演者去世,@榆四脉绵蚜
@榆四脉绵蚜,@规律作息2023
@规律作息2023,@plzstopAttheTitle
#哈利波特海格扮演者去世,@凶醒帘画
#哈利波特海格扮演者去世,@上去给你个大巴掌
#哈利波特海格扮演者去世,@我想要的也不多啊
#哈利波特海格扮演者去世,@阕北望
#哈利波特海格扮演者去世,@用户7745265731
#哈利波特海格扮演者去世,@南浔_今天的我也有好好吃饭
#哈利波特海格扮演者去世,@史记本
#哈利波特海格扮演者去世,@仰慕上塘路
@仰慕上塘路,@Terminalil
#哈利波特海格扮演者去世,@霍格沃兹P法师
@霍格沃兹P法师,@愁容起司
#哈利波特海格扮演者去世,@你想来瓶汽水吗
#哈利波特海格扮演者去世,@兰波的歌
#哈利波特海格扮演者去世,@amberc7
#哈利波特海格扮演者去世,@ZYGLHDR
#哈利波特海格扮演者去世,@我不是格鲁啊
#哈利波特海格扮演者去世,@霍格沃兹P法师
@霍格沃兹P法师,@霍格沃兹P法师
@霍格沃兹P法师,@殉道象限
#哈利波特海格扮演者去世,@楚汉浦江紫金山
@楚汉浦江紫金山,@Jeffgaoyang
#哈利波特海格扮演者去世,@zyknj
#哈利波特海格扮演者去世,@-和情焦糖-
#哈利波特海格扮演者去世,@坏人全部都是人渣原地爆炸
#哈利波特海格扮演者去世,@仰慕上塘路
@仰慕上塘路,@北大法律人2002
@北大法律人2002,@椰椰拿铁味的小雨点
#哈利波特海格扮演者去世,@用户7745677429
#哈利波特海格扮演者去世,@全中有一
#哈利波特海格扮演者去世,@向班长
@向班长,@用户5817871678
#哈利波特海格扮演者去世,@霍格沃兹P法师
@霍格沃兹P法师,@微波炉里冻薄巧
#哈利波特海格扮演者去世,@鹤舞岸汀
#哈利波特海格扮演者去世,@大运木器加工厂
#哈利波特海格扮演者去世,@情绪废纸篓摆放中
@情绪废纸篓摆放中,@-Kuddelmuddel-
#哈利波特海格扮演者去世,@东瓯土财主
@东瓯土财主,@土豆熊猫浓汤
#哈利波特海格扮演者去世,@榆四脉绵蚜
@榆四脉绵蚜,@树与可乐
#哈利波特海格扮演者去世,@情绪废纸篓摆放中
@情绪废纸篓摆放中,@-中微子
#哈利波特海格扮演者去世,@rum不加酒心巧克力
@rum不加酒心巧克力,@速溶傻瓜
#哈利波特海格扮演者去世,@霍格沃兹P法师
@霍格沃兹P法师,@rerorerocandy
#哈利波特海格扮演者去世,@悟言壹
#哈利波特海格扮演者去世,@酸涩文女主
#哈利波特海格扮演者去世,@上海老W知识分享
#哈利波特海格扮演者去世,@我在有求必应屋种香菜
@我在有求必应屋种香菜,@KORYILI
@KORYILI,@腐坏窗口
#哈利波特海格扮演者去世,@101朵荷花
#哈利波特海格扮演者去世,@云淡风轻风信子
#哈利波特海格扮演者去世,@向班长
@向班长,@浮云弱梦
#哈利波特海格扮演者去世,@660球球
#哈利波特海格扮演者去世,@Little派
#哈利波特海格扮演者去世,@猫猫侠本页
@猫猫侠本页,@Babobibobi
@Babobibobi,@用户5693408458
#哈利波特海格扮演者去世,@_carotene_
#哈利波特海格扮演者去世,@花名叫小雨
#哈利波特海格扮演者去世,@霍格沃兹P法师
@霍格沃兹P法师,@麵包烘底百分百
#哈利波特海格扮演者去世,@rum不加酒心巧克力
#哈利波特海格扮演者去世,@SuperCattieStar
#哈利波特海格扮演者去世,@happyrichyaya
#哈利波特海格扮演者去世,@Holiday春夏
#哈利波特海格扮演者去世,@用户7729768982
@用户7729768982,@用户7960000551
#哈利波特海格扮演者去世,@暴躁的秀珍
#哈利波特海格扮演者去世,@椰普拉斯
#哈利波特海格扮演者去世,@罗拉的火车
#哈利波特海格扮演者去世,@霍格沃兹P法师
@霍格沃兹P法师,@許願池的美洲浣熊
#哈利波特海格扮演者去世,@Gongzcxxw
#哈利波特海格扮演者去世,@卡列宁超级豹
#哈利波特海格扮演者去世,@Magicelevator
#哈利波特海格扮演者去世,@李清川
#哈利波特海格扮演者去世,@崇艺文华
#哈利波特海格扮演者去世,@情绪废纸篓摆放中
@情绪废纸篓摆放中,@漆木顺顺东
#哈利波特海格扮演者去世,@随风迁徙的蒲公英
#哈利波特海格扮演者去世,@风清扬兮1987
#哈利波特海格扮演者去世,@甜汤圆小米粥
#哈利波特海格扮演者去世,@唐钰性saorao
#哈利波特海格扮演者去世,@厚道红豆糕看演唱会
#哈利波特海格扮演者去世,@-请带我去明天-
#哈利波特海格扮演者去世,@猫猫侠本页
@猫猫侠本页,@Babobibobi
@Babobibobi,@无霜的寒
#哈利波特海格扮演者去世,@2024继续续fighting
#哈利波特海格扮演者去世,@所以氨基酸酸不酸叻
#哈利波特海格扮演者去世,@别再这样就
#哈利波特海格扮演者去世,@平常心自平凡
#哈利波特海格扮演者去世,@Fxber白_想一口吃掉周猫猫
#哈利波特海格扮演者去世,@仰慕上塘路
@仰慕上塘路,@北大法律人2002
#哈利波特海格扮演者去世,@买面包偷橘子
#哈利波特海格扮演者去世,@夏夜陆月MAN
#哈利波特海格扮演者去世,@受害者都去青岛报案
#哈利波特海格扮演者去世,@狂吃饭ing
#哈利波特海格扮演者去世,@berJoyce0308_ccoo
#哈利波特海格扮演者去世,@苦逼炼丹师
#哈利波特海格扮演者去世,@LT迷旅
#哈利波特海格扮演者去世,@imonmyown_
#哈利波特海格扮演者去世,@Jackson_92
#哈利波特海格扮演者去世,@都市大好人
#哈利波特海格扮演者去世,@一头大象的漂流
#哈利波特海格扮演者去世,@吃的全拿给我
#哈利波特海格扮演者去世,@看云的天地
#哈利波特海格扮演者去世,@王姨五金建材批发商
#哈利波特海格扮演者去世,@靠谱同学海洋饼干
#哈利波特海格扮演者去世,@mhy不打马虎眼
#哈利波特海格扮演者去世,@虚元真人
#哈利波特海格扮演者去世,@momovilla_
#哈利波特海格扮演者去世,@行星航班在有月亮的夜晚出发
#哈利波特海格扮演者去世,@酷兔兔了
#哈利波特海格扮演者去世,@榆四脉绵蚜
@榆四脉绵蚜,@行歌歌看月亮
#哈利波特海格扮演者去世,@onesword
#哈利波特海格扮演者去世,@暖阳下迎春风
#哈利波特海格扮演者去世,@霍格沃兹P法师
@霍格沃兹P法师,@星辉只是与你_
#哈利波特海格扮演者去世,@霍格沃兹P法师
@霍格沃兹P法师,@PallasAthena_
#哈利波特海格扮演者去世,@爆炸鸡汉堡奶茶
#哈利波特海格扮演者去世,@昨天我灵魂出窍
#哈利波特海格扮演者去世,@穿猫子的靴子
#哈利波特海格扮演者去世,@用户7443544514
#哈利波特海格扮演者去世,@GiuseppeGaribal
#哈利波特海格扮演者去世,@龙华志忱鑫品商贸商行
#哈利波特海格扮演者去世,@霍格沃兹P法师
@霍格沃兹P法师,@棉袄袄软糖
#哈利波特海格扮演者去世,@严重犯困
#哈利波特海格扮演者去世,@谢十八的动物园prprpr
#哈利波特海格扮演者去世,@volt月下清风
#哈利波特海格扮演者去世,@雏菊小姐
#哈利波特海格扮演者去世,@向班长
@向班长,@Yoyo爱老雷
#哈利波特海格扮演者去世,@ORANGE暄LI
#哈利波特海格扮演者去世,@Pomelooooo_o
#哈利波特海格扮演者去世,@varaii
#哈利波特海格扮演者去世,@我在有求必应屋种香菜
@我在有求必应屋种香菜,@人类幻觉体验师
@人类幻觉体验师,@flyingcrabr
#哈利波特海格扮演者去世,@明天----今天----昨天
@明天----今天----昨天,@路人Qq2013
@路人Qq2013,@鸭蛋仔_
#哈利波特海格扮演者去世,@第三支眼看世界
#哈利波特海格扮演者去世,@YY-GamePlayer
#哈利波特海格扮演者去世,@涓涓溪水-源远流长
#哈利波特海格扮演者去世,@仰慕上塘路
@仰慕上塘路,@bunny_dance
#哈利波特海格扮演者去世,@花间花非花
#哈利波特海格扮演者去世,@干煎咸鱼
#哈利波特海格扮演者去世,@仰慕上塘路
@仰慕上塘路,@我只想看演唱会你让让我怎么了
#哈利波特海格扮演者去世,@猫猫侠本页
@猫猫侠本页,@热心市民伯先生
@热心市民伯先生,@CeeRnight
#哈利波特海格扮演者去世,@霍格沃兹P法师
@霍格沃兹P法师,@自由自在花若风
#哈利波特海格扮演者去世,@little_rabbit1999
#哈利波特海格扮演者去世,@铃铛郡主
#哈利波特海格扮演者去世,@就是杀不死安息日
#哈利波特海格扮演者去世,@我在有求必应屋种香菜
@我在有求必应屋种香菜,@本杰鸣
@本杰鸣,@浮云zb
#哈利波特海格扮演者去世,@孤独的高等生物_ss
@孤独的高等生物_ss,@little_scarlet_painkiller
#哈利波特海格扮演者去世,@我在有求必应屋种香菜
@我在有求必应屋种香菜,@朦胧地惆怅
#哈利波特海格扮演者去世,@爱吃草的无伤
#哈利波特海格扮演者去世,@我在有求必应屋种香菜
@我在有求必应屋种香菜,@平凡不平庸2
#哈利波特海格扮演者去世,@逗逼小王子哈哈
#哈利波特海格扮演者去世,@杭州炜衡魏律师
#哈利波特海格扮演者去世,@养只金猫猫
#哈利波特海格扮演者去世,@2UU_1i
#哈利波特海格扮演者去世,@在做着什么呢
#哈利波特海格扮演者去世,@安娜垂直飞辅助机
#哈利波特海格扮演者去世,@明天----今天----昨天
@明天----今天----昨天,@路人Qq2013
#哈利波特海格扮演者去世,@健忘者主题
#哈利波特海格扮演者去世,@纠结HZY小青春
#哈利波特海格扮演者去世,@Chichiyen
#哈利波特海格扮演者去世,@榆四脉绵蚜
@榆四脉绵蚜,@寒老八
@寒老八,@EisenViliant
#哈利波特海格扮演者去世,@我在有求必应屋种香菜
@我在有求必应屋种香菜,@红泥小火炉爆茶7号
#哈利波特海格扮演者去世,@出了名的拽-
#哈利波特海格扮演者去世,@孤独的高等生物_ss
@孤独的高等生物_ss,@fortunuppy
#哈利波特海格扮演者去世,@水果雕刻家
#哈利波特海格扮演者去世,@累累累成表情包
#哈利波特海格扮演者去世,@Rosee_1114
#哈利波特海格扮演者去世,@pupcoco_33
#哈利波特海格扮演者去世,@琚可可·
#哈利波特海格扮演者去世,@生命本来CocaCola
#哈利波特海格扮演者去世,@我在有求必应屋种香菜
@我在有求必应屋种香菜,@竹春初三
#哈利波特海格扮演者去世,@何谓1刀2断
#哈利波特海格扮演者去世,@小小合襯
#哈利波特海格扮演者去世,@我在有求必应屋种香菜
@我在有求必应屋种香菜,@KORYILI
@KORYILI,@jgwp38367
#哈利波特海格扮演者去世,@每天都想喝金乌扶摇
#哈利波特海格扮演者去世,@快乐不打烊_ouuu
#哈利波特海格扮演者去世,@瓶盖去哪了
#哈利波特海格扮演者去世,@麻吉麻吉吕布子
#哈利波特海格扮演者去世,@Azathothme
#哈利波特海格扮演者去世,@HarryLee__
#哈利波特海格扮演者去世,@HansLin16
#哈利波特海格扮演者去世,@情绪废纸篓摆放中
@情绪废纸篓摆放中,@寒老八
#哈利波特海格扮演者去世,@本座二当家
#哈利波特海格扮演者去世,@海边吹风的小兔子
#哈利波特海格扮演者去世,@路铳
#哈利波特海格扮演者去世,@悟凡-悲安
#哈利波特海格扮演者去世,@情绪废纸篓摆放中
@情绪废纸篓摆放中,@墨沉疏
#哈利波特海格扮演者去世,@铁血军人7
#哈利波特海格扮演者去世,@我在有求必应屋种香菜
@我在有求必应屋种香菜,@KORYILI
@KORYILI,@朝露露l
#哈利波特海格扮演者去世,@彩蔷薇_
#哈利波特海格扮演者去世,@我在有求必應屋種香菜
@我在有求必應屋種香菜,@人類幻覺體驗師
@人類幻覺體驗師,@昨日再现-_
#哈利波特海格扮演者去世,@野生小刺
#哈利波特海格扮演者去世,@同学申
#哈利波特海格扮演者去世,@霍格沃兹P法师
@霍格沃兹P法师,@人偶法拉
@人偶法拉,@墨沉疏
#哈利波特海格扮演者去世,@此処今日雨
#哈利波特海格扮演者去世,@我在有求必应屋种香菜
@我在有求必应屋种香菜,@芹姑拉姑
@芹姑拉姑,@很好看的秋天
@很好看的秋天,@拒绝被代表-滔滔欲绝
#哈利波特海格扮演者去世,@zlqyi55
#哈利波特海格扮演者去世,@蒜蓉蒸虾-mm
#哈利波特海格扮演者去世,@榆四脉绵蚜
@榆四脉绵蚜,@寒老八
#哈利波特海格扮演者去世,@向日葵1919
#哈利波特海格扮演者去世,@颗颗可可kkm
#哈利波特海格扮演者去世,@霍格沃兹P法师
@霍格沃兹P法师,@tsuki_05mori
#哈利波特海格扮演者去世,@untamarra
#哈利波特海格扮演者去世,@霍格沃兹P法师
@霍格沃兹P法师,@第二天说再见
#哈利波特海格扮演者去世,@仰慕上塘路
@仰慕上塘路,@呆呆雨里睡觉觉
#哈利波特海格扮演者去世,@逍遥子李大宝
#哈利波特海格扮演者去世,@千禾言言
#哈利波特海格扮演者去世,@奶老板
@奶老板,@见势不喵饭团酱
#哈利波特海格扮演者去世,@hohihiha
#哈利波特海格扮演者去世,@猫猫侠本页
@猫猫侠本页,@-hency-
#哈利波特海格扮演者去世,@河流和小鱼
#哈利波特海格扮演者去世,@潣天会更好
#哈利波特海格扮演者去世,@--苇眉子--
#哈利波特海格扮演者去世,@我在有求必应屋种香菜
@我在有求必应屋种香菜,@吃个橙子enigma
#哈利波特海格扮演者去世,@普罗霍尔
#哈利波特海格扮演者去世,@一只大酒窝呀
#哈利波特海格扮演者去世,@seven今天说话了吗
#哈利波特海格扮演者去世,@RHelen_
#哈利波特海格扮演者去世,@不熬夜猫头鹰
#哈利波特海格扮演者去世,@那就吃点草莓芭菲
#哈利波特海格扮演者去世,@傅诗淇的带刀侍卫
#哈利波特海格扮演者去世,@千禾言言
#哈利波特海格扮演者去世,@Ssupsprosperous7__
#哈利波特海格扮演者去世,@LahjaA_
#哈利波特海格扮演者去世,@城市的农人
@城市的农人,@用户7729768982
@用户7729768982,@kinchanmegane
#哈利波特海格扮演者去世,@我腿毛着火
#哈利波特海格扮演者去世,@木北青花E
#哈利波特海格扮演者去世,@仰慕上塘路
@仰慕上塘路,@我喜欢的太多了11
#哈利波特海格扮演者去世,@一只成功的煎蛋
#哈利波特海格扮演者去世,@正直11111
#哈利波特海格扮演者去世,@我在有求必应屋种香菜
@我在有求必应屋种香菜,@芹姑拉姑
@芹姑拉姑,@就是不上岸之重生版
#哈利波特海格扮演者去世,@猫猫侠本页
@猫猫侠本页,@晞望舜心
#哈利波特海格扮演者去世,@_lummi
#哈利波特海格扮演者去世,@猫猫侠本页
@猫猫侠本页,@钢锁和布鲁斯
#哈利波特海格扮演者去世,@奶老板
@奶老板,@用户没有输入昵称
#哈利波特海格扮演者去世,@白云去向
#哈利波特海格扮演者去世,@懒得装萌女网友
#哈利波特海格扮演者去世,@阿芋走睡快
#哈利波特海格扮演者去世,@仰慕上塘路
@仰慕上塘路,@高冷辣椒精
#哈利波特海格扮演者去世,@卖废品的小美
#哈利波特海格扮演者去世,@因为众所周知的原因是小狐狸
#哈利波特海格扮演者去世,@陨爻
#哈利波特海格扮演者去世,@云荼不见夏
#哈利波特海格扮演者去世,@超级牛仔裤日记
#哈利波特海格扮演者去世,@越过燃烧星辰
#哈利波特海格扮演者去世,@向班长
@向班长,@woaimark
#哈利波特海格扮演者去世,@rollingstoneupdown
#哈利波特海格扮演者去世,@爱练琴的人
#哈利波特海格扮演者去世,@乌萨奇不是乌姆里奇
@乌萨奇不是乌姆里奇,@不眠清棕
#哈利波特海格扮演者去世,@榆四脉绵蚜
@榆四脉绵蚜,@云雾蓬舟
#哈利波特海格扮演者去世,@俯身亲吻我
#哈利波特海格扮演者去世,@行云在水
#哈利波特海格扮演者去世,@我在有求必应屋种香菜
@我在有求必应屋种香菜,@本杰鸣
@本杰鸣,@换昵称呢
#哈利波特海格扮演者去世,@我在有求必应屋种香菜
@我在有求必应屋种香菜,@西三环码东西
#哈利波特海格扮演者去世,@冰流水
#哈利波特海格扮演者去世,@焦糖布丁奶油派-
#哈利波特海格扮演者去世,@猫猫侠本页
@猫猫侠本页,@衍浨-
#哈利波特海格扮演者去世,@爱吃宵夜的小肖
@爱吃宵夜的小肖,@筋肉黑皮鞋
#哈利波特海格扮演者去世,@我在有求必应屋种香菜
@我在有求必应屋种香菜,@筋肉黑皮鞋
#哈利波特海格扮演者去世,@Friso奶香
#哈利波特海格扮演者去世,@长平Insights
#哈利波特海格扮演者去世,@我在有求必应屋种香菜
@我在有求必应屋种香菜,@文史资料-
@文史资料-,@InselVolleKraftvoraus
#哈利波特海格扮演者去世,@神拳大诸葛
#哈利波特海格扮演者去世,@风筝飞一会吧
#哈利波特海格扮演者去世,@贾佳爱生活
#哈利波特海格扮演者去世,@米米扬米米
#哈利波特海格扮演者去世,@zhshelly
#哈利波特海格扮演者去世,@你也要吃奶枣吗
@你也要吃奶枣吗,@阿达姆3Q
#哈利波特海格扮演者去世,@无边桃炎
@无边桃炎,@52FancyFree
#哈利波特海格扮演者去世,@仰慕上塘路
@仰慕上塘路,@大江户妙妙
@大江户妙妙,@T92hyunn7
#哈利波特海格扮演者去世,@你也要吃奶枣吗
#哈利波特海格扮演者去世,@霍格沃兹P法师
@霍格沃兹P法师,@畑鹿驚0912
#哈利波特海格扮演者去世,@Amyeve-
#哈利波特海格扮演者去世,@驴晕芝士
#哈利波特海格扮演者去世,@舒苏sonata
#哈利波特海格扮演者去世,@乌瑟曼波伏娃
#哈利波特海格扮演者去世,@下下周也要学习
#哈利波特海格扮演者去世,@一只小Lily
#哈利波特海格扮演者去世,@仰慕上塘路
@仰慕上塘路,@做自己的任公子
#哈利波特海格扮演者去世,@7万小时17年交易者2
#哈利波特海格扮演者去世,@四喜丸子与冻梨
#哈利波特海格扮演者去世,@BaGracer
#哈利波特海格扮演者去世,@别睡了感觉学习
#哈利波特海格扮演者去世,@汤汤-DM
#哈利波特海格扮演者去世,@Haines一一西
@Haines一一西,@多少黎明多少黄昏里
#哈利波特海格扮演者去世,@孤独的高等生物_ss
@孤独的高等生物_ss,@别睡了感觉学习
#哈利波特海格扮演者去世,@明天----今天----昨天
@明天----今天----昨天,@不泥_
#哈利波特海格扮演者去世,@29该隐的荆棘
#哈利波特海格扮演者去世,@YR幸运之星
#哈利波特海格扮演者去世,@我在有求必应屋种香菜
@我在有求必应屋种香菜,@用户7775176297
#哈利波特海格扮演者去世,@淮安东契奇
#哈利波特海格扮演者去世,@NuoLeyi
#哈利波特海格扮演者去世,@吃瓜群众666_
#哈利波特海格扮演者去世,@关雅荻
@关雅荻,@转生成为哑巴
#哈利波特海格扮演者去世,@我可能有了偏心的人
#哈利波特海格扮演者去世,@仰慕上塘路
@仰慕上塘路,@A深海大饭店业务员圆仔
#哈利波特海格扮演者去世,@我在有求必应屋种香菜
@我在有求必应屋种香菜,@芹姑拉姑
@芹姑拉姑,@南方都市报 @财新网 @南方周末 @看理想vistopia @三联生活周刊 @凤凰网视频
@南方都市报 @财新网 @南方周末 @看理想vistopia @三联生活周刊 @凤凰网视频,@大绵阳66600
#哈利波特海格扮演者去世,@地球苦药计
#哈利波特海格扮演者去世,@大葱一把两毛
#哈利波特海格扮演者去世,@Chriz1
#哈利波特海格扮演者去世,@我在有求必应屋种香菜
@我在有求必应屋种香菜,@猫猫猫猫猫猫猫喵瞒
#哈利波特海格扮演者去世,@十七日尾_1205
#哈利波特海格扮演者去世,@懒羊羊羊羊羊羊羊羊羊羊羊_
#哈利波特海格扮演者去世,@迷恋烧烤无法自拔
#哈利波特海格扮演者去世,@编剧游伟
#哈利波特海格扮演者去世,@LyNnIf
#哈利波特海格扮演者去世,@整天闹笑话
#哈利波特海格扮演者去世,@一名小小的俗气大叔
#哈利波特海格扮演者去世,@仰慕上塘路
@仰慕上塘路,@爱吃竹子的猫Q
@爱吃竹子的猫Q,@小小自热火锅
#哈利波特海格扮演者去世,@蜀垂山客
#哈利波特海格扮演者去世,@AAAOrange
#哈利波特海格扮演者去世,@谢落落
#哈利波特海格扮演者去世,@奶老板
@奶老板,@SJYamber
#哈利波特海格扮演者去世,@我的事说来话长AAA
#哈利波特海格扮演者去世,@我在有求必应屋种香菜
@我在有求必应屋种香菜,@莫迂
#哈利波特海格扮演者去世,@独角戏开演
#哈利波特海格扮演者去世,@吴汉村
#哈利波特海格扮演者去世,@solomn2012
#哈利波特海格扮演者去世,@你算哪块小饼干2025
#哈利波特海格扮演者去世,@安飞诺
@安飞诺,@出站上楼
@出站上楼,@潜潜不逾
#哈利波特海格扮演者去世,@喜欢一些乱七八糟
#哈利波特海格扮演者去世,@如水青云
@如水青云,@A1ex和晚霞
#哈利波特海格扮演者去世,@到灯塔去_口
#哈利波特海格扮演者去世,@最后的这个世界
#哈利波特海格扮演者去世,@努力假扮时髦
#哈利波特海格扮演者去世,@一颗小星位AN
#哈利波特海格扮演者去世,@明光泠泠
#哈利波特海格扮演者去世,@炒蛋莉
#哈利波特海格扮演者去世,@孤独的高等生物_ss
@孤独的高等生物_ss,@雁南叻
#哈利波特海格扮演者去世,@小时候最喜欢段誉和乔峰
#哈利波特海格扮演者去世,@每天都犯困高手
#哈利波特海格扮演者去世,@我在有求必应屋种香菜
@我在有求必应屋种香菜,@人类幻觉体验师
@人类幻觉体验师,@你不知你知不知
#哈利波特海格扮演者去世,@向班长
@向班长,@上帝爱子
@上帝爱子,@小墙纸2016
#哈利波特海格扮演者去世,@霍格沃兹P法师
@霍格沃兹P法师,@小词鱼吐泡泡3FE
#哈利波特海格扮演者去世,@芝士金鱼糖糕
#哈利波特海格扮演者去世,@别说我不要face
#哈利波特海格扮演者去世,@秋雨孤灯_97851
#哈利波特海格扮演者去世,@huayinn-
#哈利波特海格扮演者去世,@乌萨奇不是乌姆里奇
#哈利波特海格扮演者去世,@哑巴湖大水怪2333
#哈利波特海格扮演者去世,@心地善良天真无邪的小女孩
#哈利波特海格扮演者去世,@秦绪才
#哈利波特海格扮演者去世,@星星落在手心里
#哈利波特海格扮演者去世,@云雨巫山枉断肠丶
#哈利波特海格扮演者去世,@炸酱面617
#哈利波特海格扮演者去世,@serendipity_berry
#哈利波特海格扮演者去世,@扯淡与靠谱
#哈利波特海格扮演者去世,@谁吃油炸圆白菜
#哈利波特海格扮演者去世,@是肉包还是菜包
#哈利波特海格扮演者去世,@我在有求必应屋种香菜
@我在有求必应屋种香菜,@風林火山非傳說
#哈利波特海格扮演者去世,@我在有求必应屋种香菜
@我在有求必应屋种香菜,@江边胖大叔
#哈利波特海格扮演者去世,@还是会寂寞捏
#哈利波特海格扮演者去世,@小美_Moli
#哈利波特海格扮演者去世,@周骏2010
#哈利波特海格扮演者去世,@土星大队长
#哈利波特海格扮演者去世,@maylin1990
#哈利波特海格扮演者去世,@maylin1990
#哈利波特海格扮演者去世,@無愛紀1984
#哈利波特海格扮演者去世,@嵇康门下2
#哈利波特海格扮演者去世,@我在有求必应屋种香菜
@我在有求必应屋种香菜,@KORYILI
#哈利波特海格扮演者去世,@幸福的咖啡小豆
#哈利波特海格扮演者去世,@maylin1990
#哈利波特海格扮演者去世,@maylin1990
#哈利波特海格扮演者去世,@maylin1990
#哈利波特海格扮演者去世,@maylin1990
#哈利波特海格扮演者去世,@溪沟江河湖海
#哈利波特海格扮演者去世,@kkkkkiiiizzz
#哈利波特海格扮演者去世,@maylin1990
#哈利波特海格扮演者去世,@随心所欲_说与跳
#哈利波特海格扮演者去世,@客从西面来
#哈利波特海格扮演者去世,@看门老徐
#哈利波特海格扮演者去世,@森可多多
#哈利波特海格扮演者去世,@maylin1990
#哈利波特海格扮演者去世,@maylin1990
#哈利波特海格扮演者去世,@maylin1990
#哈利波特海格扮演者去世,@满山红叶shi
#哈利波特海格扮演者去世,@过眼云烟随风去
#哈利波特海格扮演者去世,@maylin1990
#哈利波特海格扮演者去世,@念安618
#哈利波特海格扮演者去世,@奚正仁的小屋
@奚正仁的小屋,@北京泽博王兴
@北京泽博王兴,@封冰国南果如
#哈利波特海格扮演者去世,@百道BB
#哈利波特海格扮演者去世,@maylin1990
#哈利波特海格扮演者去世,@maylin1990
#哈利波特海格扮演者去世,@Aurora_JG
#哈利波特海格扮演者去世,@HandsomePumpkin
#哈利波特海格扮演者去世,@maylin1990
#哈利波特海格扮演者去世,@6666jinjin
#哈利波特海格扮演者去世,@宇宙中de一粒尘_
@宇宙中de一粒尘_,@Michael-Miller
#哈利波特海格扮演者去世,@Haines一一西
@Haines一一西,@Michael-Miller
#哈利波特海格扮演者去世,@爱吃宵夜的小肖
@爱吃宵夜的小肖,@Michael-Miller
#哈利波特海格扮演者去世,@外星人欧罗巴
#哈利波特海格扮演者去世,@奶老板
#哈利波特海格扮演者去世,@用户6133893507
#哈利波特海格扮演者去世,@寽虎
#哈利波特海格扮演者去世,@我在有求必应屋种香菜
@我在有求必应屋种香菜,@爱獭星喵
#哈利波特海格扮演者去世,@向班长
@向班长,@上帝爱子
#哈利波特海格扮演者去世,@rebeccadaytoy
@rebeccadaytoy,@2024龙年招财进宝
#哈利波特海格扮演者去世,@我在有求必应屋种香菜
@我在有求必应屋种香菜,@仲系冲绳流浪猫
#哈利波特海格扮演者去世,@俗说客
#哈利波特海格扮演者去世,@向班长
@向班长,@奋力前进2015
#哈利波特海格扮演者去世,@LY5627
#哈利波特海格扮演者去世,@四顾剑oooO
#哈利波特海格扮演者去世,@Slightlyswimming
#哈利波特海格扮演者去世,@杰胡里咯蕊
#哈利波特海格扮演者去世,@猫猫侠本页
@猫猫侠本页,@不爱风尘杜十娘
#哈利波特海格扮演者去世,@MOLI_jl
#哈利波特海格扮演者去世,@1仍是如此2
#哈利波特海格扮演者去世,@我在有求必应屋种香菜
@我在有求必应屋种香菜,@神腔手山中
#哈利波特海格扮演者去世,@明不正言不顺
#哈利波特海格扮演者去世,@猫猫侠本页
@猫猫侠本页,@Alicia1991
@Alicia1991,@很好看的秋天
@很好看的秋天,@汉语脉络戒定慧
#哈利波特海格扮演者去世,@钢锁和布鲁斯
@钢锁和布鲁斯,@告别黄金时代
@告别黄金时代,@pppussuserrr
#哈利波特海格扮演者去世,@公正法律联盟
#哈利波特海格扮演者去世,@莫教主001
#哈利波特海格扮演者去世,@我在有求必应屋种香菜
@我在有求必应屋种香菜,@冷的茶陪着冷的咖啡
#哈利波特海格扮演者去世,@还不困丶
#哈利波特海格扮演者去世,@情绪废纸篓摆放中
@情绪废纸篓摆放中,@滚雪球_ing
#哈利波特海格扮演者去世,@重华_暗恋妙木山
#哈利波特海格扮演者去世,@无眉女侠
#哈利波特海格扮演者去世,@重华_暗恋妙木山
#哈利波特海格扮演者去世,@Syean11
#哈利波特海格扮演者去世,@爱吃宵夜的小肖
@爱吃宵夜的小肖,@有風晴沐
@有風晴沐,@山的另一方
#哈利波特海格扮演者去世,@钢锁和布鲁斯
@钢锁和布鲁斯,@告别黄金时代
#哈利波特海格扮演者去世,@德州扒鸡批发
#哈利波特海格扮演者去世,@青山又见_
#哈利波特海格扮演者去世,@51579noncheating
#哈利波特海格扮演者去世,@邪人疯
#哈利波特海格扮演者去世,@Marijuanalibido
#哈利波特海格扮演者去世,@钢锁和布鲁斯
#哈利波特海格扮演者去世,@我在有求必应屋种香菜
@我在有求必应屋种香菜,@慈悲为怀2021
#哈利波特海格扮演者去世,@小象和月亮
#哈利波特海格扮演者去世,@渡可渡的人
#哈利波特海格扮演者去世,@吃土x豆
#哈利波特海格扮演者去世,@OOOccc000
#哈利波特海格扮演者去世,@用户6191011782
#哈利波特海格扮演者去世,@奚正仁的小屋
@奚正仁的小屋,@北京泽博王兴
@北京泽博王兴,@用户7405686457
#哈利波特海格扮演者去世,@猫猫侠本页
@猫猫侠本页,@Alicia1991
@Alicia1991,@很好看的秋天
@很好看的秋天,@团圆美满今朝最
#哈利波特海格扮演者去世,@如水青云
@如水青云,@小妹把脉吗
#哈利波特海格扮演者去世,@奚正仁的小屋
@奚正仁的小屋,@北京泽博王兴
#哈利波特海格扮演者去世,@abilitytopay
#哈利波特海格扮演者去世,@桥洞种菜老人
#哈利波特海格扮演者去世,@三角土豆碗
#哈利波特海格扮演者去世,@李莉丶丶
#哈利波特海格扮演者去世,@风再起时你还好吗
#哈利波特海格扮演者去世,@言吾言雨ing
#哈利波特海格扮演者去世,@奚正仁的小屋
#哈利波特海格扮演者去世,@1984虫虫
#哈利波特海格扮演者去世,@明天----今天----昨天
@明天----今天----昨天,@全自动洗车
#哈利波特海格扮演者去世,@妙慧教乐
#哈利波特海格扮演者去世,@我在有求必应屋种香菜
@我在有求必应屋种香菜,@Hiero_9070
#哈利波特海格扮演者去世,@我在有求必应屋种香菜
@我在有求必应屋种香菜,@人类幻觉体验师
@人类幻觉体验师,@大风起兮无路可逃
#哈利波特海格扮演者去世,@用户yx9p2u4ktp
#哈利波特海格扮演者去世,@Ai-谦谦
#哈利波特海格扮演者去世,@梦中凡间
#哈利波特海格扮演者去世,@显微望远
#哈利波特海格扮演者去世,@如水青云
@如水青云,@清溪有樵夫
#哈利波特海格扮演者去世,@也许只用一间屋
#哈利波特海格扮演者去世,@Tordoff
#哈利波特海格扮演者去世,@顺势而为的德安与乐
#哈利波特海格扮演者去世,@当地小有名气的事
@当地小有名气的事,@一只仰望星空的虫虫
#哈利波特海格扮演者去世,@园林人
#哈利波特海格扮演者去世,@关雅荻
@关雅荻,@减肥一直失败的koooodaaaa鸭
#哈利波特海格扮演者去世,@霍格沃兹P法师
@霍格沃兹P法师,@风里的江南
#哈利波特海格扮演者去世,@许春Xu
#哈利波特海格扮演者去世,@murmurer羊
#哈利波特海格扮演者去世,@横剑补天
#哈利波特海格扮演者去世,@秋草的季风
#哈利波特海格扮演者去世,@leaveitunbroken
#哈利波特海格扮演者去世,@崔钰判官
#哈利波特海格扮演者去世,@aufersphonix
#哈利波特海格扮演者去世,@此姜姜非彼姜姜
#哈利波特海格扮演者去世,@她们叫我米老鼠
#哈利波特海格扮演者去世,@在逃者-番茄肥牛粉丝煲
#哈利波特海格扮演者去世,@荒原狼5478
#哈利波特海格扮演者去世,@如水青云
@如水青云,@study366
#哈利波特海格扮演者去世,@FinalGate2
#哈利波特海格扮演者去世,@人造限量版元素-
#哈利波特海格扮演者去世,@我在有求必应屋种香菜
@我在有求必应屋种香菜,@文史资料-
@文史资料-,@水美为海
#哈利波特海格扮演者去世,@你好老钟
#哈利波特海格扮演者去世,@向班长
@向班长,@行僧不远行
#哈利波特海格扮演者去世,@百京烤鸭鸭
#哈利波特海格扮演者去世,@杭州天堂行者
#哈利波特海格扮演者去世,@乐观的bgzyz
#哈利波特海格扮演者去世,@我在有求必应屋种香菜
@我在有求必应屋种香菜,@Lastwb001
#哈利波特海格扮演者去世,@YuSun_OnTheRoad
#哈利波特海格扮演者去世,@蓝莓气泡水咕噜
#哈利波特海格扮演者去世,@我叕被疯了
#哈利波特海格扮演者去世,@吾语若
#哈利波特海格扮演者去世,@蒲柏蒲柏
#哈利波特海格扮演者去世,@历史学的境界
#哈利波特海格扮演者去世,@不眠的春日
#哈利波特海格扮演者去世,@用户7858072877
#哈利波特海格扮演者去世,@Ingridove
#哈利波特海格扮演者去世,@小雨要做无纪律的四有新人
#哈利波特海格扮演者去世,@_叁白三百_
#哈利波特海格扮演者去世,@胡摸先生
#哈利波特海格扮演者去世,@我在有求必应屋种香菜
@我在有求必应屋种香菜,@文史资料-
#哈利波特海格扮演者去世,@扣篮这件事下次一定
#哈利波特海格扮演者去世,@爱吃宵夜的小肖
@爱吃宵夜的小肖,@有風晴沐
@有風晴沐,@HuiLGH
#哈利波特海格扮演者去世,@离开我的精神世界
#哈利波特海格扮演者去世,@朱婷Nicole
#哈利波特海格扮演者去世,@我在有求必应屋种香菜
@我在有求必应屋种香菜,@人类幻觉体验师
@人类幻觉体验师,@兔大王三代目
#哈利波特海格扮演者去世,@舒服的陌生00353
#哈利波特海格扮演者去世,@贝妮晴宝
#哈利波特海格扮演者去世,@大肖Tony
#哈利波特海格扮演者去世,@向班长
@向班长,@用户6795762270
#哈利波特海格扮演者去世,@我在有求必应屋种香菜
@我在有求必应屋种香菜,@人类幻觉体验师
@人类幻觉体验师,@Canisadustus
#哈利波特海格扮演者去世,@我在有求必应屋种香菜
@我在有求必应屋种香菜,@芹姑拉姑
@芹姑拉姑,@很好看的秋天
#哈利波特海格扮演者去世,@祝好运w1
#哈利波特海格扮演者去世,@猫猫侠本页
@猫猫侠本页,@Alicia1991
@Alicia1991,@很好看的秋天
#哈利波特海格扮演者去世,@开心的东西要专心记起__
#哈利波特海格扮演者去世,@猫猫侠本页
@猫猫侠本页,@Alicia1991
#哈利波特海格扮演者去世,@猫猫侠本页
#哈利波特海格扮演者去世,@社恐毒舌小师妹
#哈利波特海格扮演者去世,@小剃头林荣
#哈利波特海格扮演者去世,@孑民严行新号
#哈利波特海格扮演者去世,@启航小宝萌萌
#哈利波特海格扮演者去世,@我在有求必应屋种香菜
@我在有求必应屋种香菜,@人类幻觉体验师
@人类幻觉体验师,@沉默海域
#哈利波特海格扮演者去世,@我在有求必应屋种香菜
@我在有求必应屋种香菜,@懒虫要学会感恩
#哈利波特海格扮演者去世,@江安东
#哈利波特海格扮演者去世,@大连华茂
#哈利波特海格扮演者去世,@赵军的玫瑰
#哈利波特海格扮演者去世,@Eric_ch2023
#哈利波特海格扮演者去世,@明天----今天----昨天
@明天----今天----昨天,@商长源
#哈利波特海格扮演者去世,@我在有求必应屋种香菜
@我在有求必应屋种香菜,@胜利威尔的难民
@胜利威尔的难民,@圖蘭点
#哈利波特海格扮演者去世,@树上鱼0020
#哈利波特海格扮演者去世,@网抑云会员01
#哈利波特海格扮演者去世,@中年范进
#哈利波特海格扮演者去世,@禁疼钱财
#哈利波特海格扮演者去世,@月明风清1324761871
#哈利波特海格扮演者去世,@豆豆大魔王27
#哈利波特海格扮演者去世,@微微安7788
#哈利波特海格扮演者去世,@马兰花贰拾壹
#哈利波特海格扮演者去世,@如水青云
@如水青云,@饼卷炸串
#哈利波特海格扮演者去世,@罗曼蒂克无终章
#哈利波特海格扮演者去世,@Ho_Gwoktim
#哈利波特海格扮演者去世,@我在有求必应屋种香菜
@我在有求必应屋种香菜,@芹姑拉姑
@芹姑拉姑,@猪上山打老虎
#哈利波特海格扮演者去世,@渊山秋筠
#哈利波特海格扮演者去世,@我在有求必应屋种香菜
@我在有求必应屋种香菜,@天气预报播报员
#哈利波特海格扮演者去世,@新崎月
#哈利波特海格扮演者去世,@斯七-Josee
#哈利波特海格扮演者去世,@安飞诺
@安飞诺,@芭蕉叶下客0
#哈利波特海格扮演者去世,@我在有求必应屋种香菜
@我在有求必应屋种香菜,@东南吴顾问
#哈利波特海格扮演者去世,@kkkkkkold
#哈利波特海格扮演者去世,@我在有求必应屋种香菜
@我在有求必应屋种香菜,@freeflight09
#哈利波特海格扮演者去世,@我在有求必应屋种香菜
@我在有求必应屋种香菜,@人类幻觉体验师
@人类幻觉体验师,@核桃炖萝卜
#哈利波特海格扮演者去世,@安飞诺
@安飞诺,@出站上楼
#哈利波特海格扮演者去世,@十字路口的姐姐
#哈利波特海格扮演者去世,@dty329
#哈利波特海格扮演者去世,@自来随云散自去逐水流
#哈利波特海格扮演者去世,@海鲜派的86180
#哈利波特海格扮演者去世,@我在有求必应屋种香菜
@我在有求必应屋种香菜,@人类幻觉体验师
@人类幻觉体验师,@什么咪动静
#哈利波特海格扮演者去世,@陌颜希LH小明
@陌颜希LH小明,@金色时光的夏天
#哈利波特海格扮演者去世,@飞成永恒
#哈利波特海格扮演者去世,@梵音閱君
#哈利波特海格扮演者去世,@散装冰糖橙子
#哈利波特海格扮演者去世,@敏捷小米糕爱社会
#哈利波特海格扮演者去世,@云深-不知处
#哈利波特海格扮演者去世,@还有没有快乐起来的理由
#哈利波特海格扮演者去世,@Hi-Res复读機
@Hi-Res复读機,@三寸言雨
#哈利波特海格扮演者去世,@纵横四海_75188
#哈利波特海格扮演者去世,@安飞诺
@安飞诺,@老糊涂猫
#哈利波特海格扮演者去世,@如水青云
@如水青云,@小墙纸2016
#哈利波特海格扮演者去世,@且望雲卷雲舒
#哈利波特海格扮演者去世,@串串汤园
#哈利波特海格扮演者去世,@猫猫侠本页
@猫猫侠本页,@HoldDle
#哈利波特海格扮演者去世,@双倍拿铁加浓缩
#哈利波特海格扮演者去世,@爱吃宵夜的小肖
@爱吃宵夜的小肖,@JChow星星
#哈利波特海格扮演者去世,@SNH48-千叶惠里
#哈利波特海格扮演者去世,@时光长了腿
#哈利波特海格扮演者去世,@我在有求必应屋种香菜
@我在有求必应屋种香菜,@额滴神呀233
#哈利波特海格扮演者去世,@howiloveher
#哈利波特海格扮演者去世,@村上春春p
#哈利波特海格扮演者去世,@谢庭风絮远3
#哈利波特海格扮演者去世,@关雅荻
#哈利波特海格扮演者去世,@mazel-tov
#哈利波特海格扮演者去世,@Hi-Res复读機
@Hi-Res复读機,@Hi-Res复读機
#哈利波特海格扮演者去世,@-莳洢-
#哈利波特海格扮演者去世,@_結冰的塞納河上一隻耗子在走
#哈利波特海格扮演者去世,@东较场38
#哈利波特海格扮演者去世,@-事实上我没有名字
#哈利波特海格扮演者去世,@我在有求必应屋种香菜
@我在有求必应屋种香菜,@人类幻觉体验师
@人类幻觉体验师,@猫咪足球俱乐部
#哈利波特海格扮演者去世,@明天----今天----昨天
@明天----今天----昨天,@孤蓬漠烟鸿九霄
#哈利波特海格扮演者去世,@贝吉不是贝吉塔
#哈利波特海格扮演者去世,@D_is_for_Dangerous_animal
#哈利波特海格扮演者去世,@群岛200309
#哈利波特海格扮演者去世,@llebena
#哈利波特海格扮演者去世,@辩论之基本逻辑
#哈利波特海格扮演者去世,@如水青云
#哈利波特海格扮演者去世,@猫猫侠本页
#哈利波特海格扮演者去世,@雄韬视线
#哈利波特海格扮演者去世,@coffeeCatie
#哈利波特海格扮演者去世,@安飞诺
@安飞诺,@小墙纸2016
#哈利波特海格扮演者去世,@四月哗啦啦
#哈利波特海格扮演者去世,@我在有求必应屋种香菜
@我在有求必应屋种香菜,@人类幻觉体验师
#哈利波特海格扮演者去世,@fantasy0025
#哈利波特海格扮演者去世,@supercat0_0
#哈利波特海格扮演者去世,@CCB邱白
#哈利波特海格扮演者去世,@安飞诺
@安飞诺,@养花栖
#哈利波特海格扮演者去世,@飘在星空中的一粒尘埃
#哈利波特海格扮演者去世,@Nalinie_aka
#哈利波特海格扮演者去世,@之岸_50
#哈利波特海格扮演者去世,@Hitchhikervu
#哈利波特海格扮演者去世,@安飞诺
#哈利波特海格扮演者去世,@涤烦子_n-o-monster
#哈利波特海格扮演者去世,@panlyouwin
#哈利波特海格扮演者去世,@快乐欣欣A
#哈利波特海格扮演者去世,@明天----今天----昨天
#哈利波特海格扮演者去世,@孟娴丫
#哈利波特海格扮演者去世,@边疆王爷
#哈利波特海格扮演者去世,@Scott1616
#哈利波特海格扮演者去世,@吃个苹果都要看抢
#哈利波特海格扮演者去世,@爱吃宵夜的小肖
@爱吃宵夜的小肖,@王正伦读宋史
#哈利波特海格扮演者去世,@财班马丽呀-3
@财班马丽呀-3,@财班马丽呀-3
#哈利波特海格扮演者去世,@Lloud_withlls
#哈利波特海格扮演者去世,@嗨_Yen
#哈利波特海格扮演者去世,@A水暖建材批发陈总
#哈利波特海格扮演者去世,@心如止水屁老师
@心如止水屁老师,@Fly_Windflower
#哈利波特海格扮演者去世,@Caspase是种酶
#哈利波特海格扮演者去世,@明明0222plusplusplus
#哈利波特海格扮演者去世,@义马义马
#哈利波特海格扮演者去世,@飘在星空中的一粒尘埃
#哈利波特海格扮演者去世,@律所高级打工仔
#哈利波特海格扮演者去世,@Theorem_虎福来财
#哈利波特海格扮演者去世,@dlxqzc_hank
#哈利波特海格扮演者去世,@绿树青葱
#哈利波特海格扮演者去世,@Trapinnn
#哈利波特海格扮演者去世,@宇宙在逃大头星
#哈利波特海格扮演者去世,@金锁雄关RcpD
#哈利波特海格扮演者去世,@kristinlin2007
#哈利波特海格扮演者去世,@爱吃宵夜的小肖
@爱吃宵夜的小肖,@RailCap
#哈利波特海格扮演者去世,@神算子平静地坐在马扎上
#哈利波特海格扮演者去世,@Hi-Res复读機
#哈利波特海格扮演者去世,@甜橘蜂蜜
#哈利波特海格扮演者去世,@柠月青青
#哈利波特海格扮演者去世,@当地小有名气的事
#哈利波特海格扮演者去世,@苍蓝公子
#哈利波特海格扮演者去世,@复活的难相处
#哈利波特海格扮演者去世,@爱吃宵夜的小肖
@爱吃宵夜的小肖,@金桔简
#哈利波特海格扮演者去世,@爱吃宵夜的小肖
@爱吃宵夜的小肖,@鱼儿要自由an
#哈利波特海格扮演者去世,@来发疯的sincos
#哈利波特海格扮演者去世,@Blve-Sea
#哈利波特海格扮演者去世,@萝卜特棒
#哈利波特海格扮演者去世,@心如止水屁老师
#哈利波特海格扮演者去世,@树冠上的海
#哈利波特海格扮演者去世,@用户胡杨树515
#哈利波特海格扮演者去世,@能不能给我过一个昵称呢
#哈利波特海格扮演者去世,@浆果之梦
#哈利波特海格扮演者去世,@编剧牛立明
#哈利波特海格扮演者去世,@叶开Luke
#哈利波特海格扮演者去世,@KKkliessaw
#哈利波特海格扮演者去世,@世不可避_Q
#哈利波特海格扮演者去世,@政协委员王有才
